Workbook
Name Institutos: Lista!$A$2:$A$34

Sheet Centralizador 3er año Maña
F3: CENTRALIZADOR DE CALIFICACIONES
S5: TURNO: | U5: MAÑANA
C6: INSTITUCIÓN: | E6: INSTITUTO TECNICO DE EDUCACIÓN SUPERIOR "NOVELL" | Q6: R.M. | R6: 0906/02 | S6: CARÁCTER: | U6: PRIVADO
C7: GESTIÓN: | E7: 2020 | F7: CÉDULA DE IDENTIDAD | G7: COA-301 | H7: COC-302 | I7: COG-303 | J7: CEP-304 | K7: CSH-305 | L7: GCI-306 | M7: AEF-307 | N7: TMG-308 | V7: OBSERVACIONES
G8: CONTABILIDAD AGROPECUARIA | H8: CONTABILIDAD DE COSTOS II | I8: CONTABILIDAD GUBERNAMENTAL | J8: CONTABILIDAD EXTRACTIVA (MINERA, PETROLERA Y FORESTAL) | K8: CONTABILIDAD DE SERVICIOS (CONSTRUCCIÓN, HOTELERÍA Y TRANSPORTE) | L8: GABINETA CONTABLE INFORMÁTICO | M8: ANÁLISIS E INTERPRETACIONES DE ESTADOS FINANCIEROS | N8: TALLER DE MODALIDAD DE GRADUACIÓN
C9: NIVEL: | E9: TECNICO SUPERIOR
C10: CARRERA: | E10: CONTADURIA GENERAL
C11: RÉGIMEN: | E11: ANUAL
C12: CURSO: | E12: TERCER AÑO - A
C13: N° | D13: NÓMINA ESTUDIANTES
C14: 1 | D14: =+'COA-301'!D13:E13 -> 0 | G14: =+'COA-301'!H13 -> 0 | H14: =+'COC-302'!H13 -> 0 | I14: =+'COG-303'!H13 -> 0 | J14: =+'CEP.304'!H13 -> 0 | K14: =+'CSH-305'!H13 -> 0 | L14: =+'GCI-306'!H13 -> 0 | M14: =+'AEF-307'!H13 -> 0 | V14: =IF(M14=0,"Abandono",IF(AVERAGE(G14:M14)>=61,"Aprobado","Reprobado")) -> Abandono
C15: 2 | D15: =+'COA-301'!D14:E14 -> 0 | G15: =+'COA-301'!H14 -> 0 | H15: =+'COC-302'!H14 -> 0 | I15: =+'COG-303'!H14 -> 0 | J15: =+'CEP.304'!H14 -> 0 | K15: =+'CSH-305'!H14 -> 0 | L15: =+'GCI-306'!H14 -> 0 | M15: =+'AEF-307'!H14 -> 0 | V15: =IF(M15=0,"Abandono",IF(AVERAGE(G15:M15)>=61,"Aprobado","Reprobado")) -> Abandono
C16: 3 | D16: =+'COA-301'!D15:E15 -> 0 | G16: =+'COA-301'!H15 -> 0 | H16: =+'COC-302'!H15 -> 0 | I16: =+'COG-303'!H15 -> 0 | J16: =+'CEP.304'!H15 -> 0 | K16: =+'CSH-305'!H15 -> 0 | L16: =+'GCI-306'!H15 -> 0 | M16: =+'AEF-307'!H15 -> 0 | V16: =IF(M16=0,"Abandono",IF(AVERAGE(G16:M16)>=61,"Aprobado","Reprobado")) -> Abandono
C17: 4 | D17: =+'COA-301'!D16:E16 -> 0 | G17: =+'COA-301'!H16 -> 0 | H17: =+'COC-302'!H16 -> 0 | I17: =+'COG-303'!H16 -> 0 | J17: =+'CEP.304'!H16 -> 0 | K17: =+'CSH-305'!H16 -> 0 | L17: =+'GCI-306'!H16 -> 0 | M17: =+'AEF-307'!H16 -> 0 | V17: =IF(M17=0,"Abandono",IF(AVERAGE(G17:M17)>=61,"Aprobado","Reprobado")) -> Abandono
C18: 5 | D18: =+'COA-301'!D17:E17 -> 0 | G18: =+'COA-301'!H17 -> 0 | H18: =+'COC-302'!H17 -> 0 | I18: =+'COG-303'!H17 -> 0 | J18: =+'CEP.304'!H17 -> 0 | K18: =+'CSH-305'!H17 -> 0 | L18: =+'GCI-306'!H17 -> 0 | M18: =+'AEF-307'!H17 -> 0 | V18: =IF(M18=0,"Abandono",IF(AVERAGE(G18:M18)>=61,"Aprobado","Reprobado")) -> Abandono
C19: 6 | D19: =+'COA-301'!D18:E18 -> 0 | G19: =+'COA-301'!H18 -> 0 | H19: =+'COC-302'!H18 -> 0 | I19: =+'COG-303'!H18 -> 0 | J19: =+'CEP.304'!H18 -> 0 | K19: =+'CSH-305'!H18 -> 0 | L19: =+'GCI-306'!H18 -> 0 | M19: =+'AEF-307'!H18 -> 0 | V19: =IF(M19=0,"Abandono",IF(AVERAGE(G19:M19)>=61,"Aprobado","Reprobado")) -> Abandono
C20: 7 | D20: =+'COA-301'!D19:E19 -> 0 | G20: =+'COA-301'!H19 -> 0 | H20: =+'COC-302'!H19 -> 0 | I20: =+'COG-303'!H19 -> 0 | J20: =+'CEP.304'!H19 -> 0 | K20: =+'CSH-305'!H19 -> 0 | L20: =+'GCI-306'!H19 -> 0 | M20: =+'AEF-307'!H19 -> 0 | V20: =IF(M20=0,"Abandono",IF(AVERAGE(G20:M20)>=61,"Aprobado","Reprobado")) -> Abandono
C21: 8 | D21: =+'COA-301'!D20:E20 -> 0 | G21: =+'COA-301'!H20 -> 0 | H21: =+'COC-302'!H20 -> 0 | I21: =+'COG-303'!H20 -> 0 | J21: =+'CEP.304'!H20 -> 0 | K21: =+'CSH-305'!H20 -> 0 | L21: =+'GCI-306'!H20 -> 0 | M21: =+'AEF-307'!H20 -> 0 | V21: =IF(M21=0,"Abandono",IF(AVERAGE(G21:M21)>=61,"Aprobado","Reprobado")) -> Abandono
C22: 9 | D22: =+'COA-301'!D21:E21 -> 0 | G22: =+'COA-301'!H21 -> 0 | H22: =+'COC-302'!H21 -> 0 | I22: =+'COG-303'!H21 -> 0 | J22: =+'CEP.304'!H21 -> 0 | K22: =+'CSH-305'!H21 -> 0 | L22: =+'GCI-306'!H21 -> 0 | M22: =+'AEF-307'!H21 -> 0 | V22: =IF(M22=0,"Abandono",IF(AVERAGE(G22:M22)>=61,"Aprobado","Reprobado")) -> Abandono
C23: 10 | D23: =+'COA-301'!D22:E22 -> 0 | G23: =+'COA-301'!H22 -> 0 | H23: =+'COC-302'!H22 -> 0 | I23: =+'COG-303'!H22 -> 0 | J23: =+'CEP.304'!H22 -> 0 | K23: =+'CSH-305'!H22 -> 0 | L23: =+'GCI-306'!H22 -> 0 | M23: =+'AEF-307'!H22 -> 0 | V23: =IF(M23=0,"Abandono",IF(AVERAGE(G23:M23)>=61,"Aprobado","Reprobado")) -> Abandono
C24: 11 | D24: =+'COA-301'!D23:E23 -> 0 | G24: =+'COA-301'!H23 -> 0 | H24: =+'COC-302'!H23 -> 0 | I24: =+'COG-303'!H23 -> 0 | J24: =+'CEP.304'!H23 -> 0 | K24: =+'CSH-305'!H23 -> 0 | L24: =+'GCI-306'!H23 -> 0 | M24: =+'AEF-307'!H23 -> 0 | V24: =IF(M24=0,"Abandono",IF(AVERAGE(G24:M24)>=61,"Aprobado","Reprobado")) -> Abandono
C25: 12 | D25: =+'COA-301'!D24:E24 -> 0 | G25: =+'COA-301'!H24 -> 0 | H25: =+'COC-302'!H24 -> 0 | I25: =+'COG-303'!H24 -> 0 | J25: =+'CEP.304'!H24 -> 0 | K25: =+'CSH-305'!H24 -> 0 | L25: =+'GCI-306'!H24 -> 0 | M25: =+'AEF-307'!H24 -> 0 | V25: =IF(M25=0,"Abandono",IF(AVERAGE(G25:M25)>=61,"Aprobado","Reprobado")) -> Abandono
... C37: 24 | D37: =+'COA-301'!D36:E36 -> 0 | G37: =+'COA-301'!H36 -> 0 | H37: =+'COC-302'!H36 -> 0 | I37: =+'COG-303'!H36 -> 0 | J37: =+'CEP.304'!H36 -> 0 | K37: =+'CSH-305'!H36 -> 0 | L37: =+'GCI-306'!H36 -> 0 | M37: =+'AEF-307'!H36 -> 0 | V37: =IF(M37=0,"Abandono",IF(AVERAGE(G37:M37)>=61,"Aprobado","Reprobado")) -> Abandono
C44: *En observaciones tomar en cuenta: Aprobado, Reprobado y Abandono
E48: Firma y Sello | H48: Sello de la | K48: Firma y Sello
E49: DIRECTOR ACADEMICO | H49: institución | K49: Vo.Bo. RECTOR
O50: ELABORADO POR:
O51: NOMBRE: | Q51: Profa. Rillma Marina Arandia Gomez
O52: CARGO: | Q52: DIRECTORA ADMINISTRATIVA
D53: DETALLE | G53: CANTIDAD | H53: PORCENT. | O53: FIRMA:
D54: ESTUDIANTES INSCRITOS | G54: =COUNT(C14:C41) -> 24 | H54: 1 | O54: FECHA: | Q54: ORURO, 05 DE DICIEMBRE DE 2019
D55: ESTUDIANTES APROBADOS | G55: =COUNTIF(V14:V43,"Aprobado") -> 0 | H55: =(G55*H54)/G54 -> 0
D56: ESTUDIANTES REPROBADOS | G56: =COUNTIF(V14:V43,"Reprobado") -> 0 | H56: =(G56*H54)/G54 -> 0
D57: ABADONO | G57: =COUNTIF(V14:V43,"Abandono") -> 24 | H57: =(G57*H54)/G54 -> 1

Sheet COA-301
A4: INSTITUTO TECNICO DE EDUCACIÓN SUPERIOR "NOVELL"
D5: CARRERA: | E5: CONTADURÍA GENERAL
D6: MENCIÓN:
D7: ÁREA: | E7: COMERCIAL Y SERVICIOS
D8: MATERIA: | E8: CONTABILIDAD AGROPECUARIA | I8: SIGLA: | J8: COA-301
D9: DOCENTE:
D10: AÑO/SEMESTRE: | E10: TERCER AÑO | I10: GESTIÓN: | J10: 2022
C12: Nro. | D12: Apellidos y Nombres | F12: Prom. Ev. Teórica | G12: Prom. Eval. Práctica | H12: Calificación Final | I12: Prueba de Recuper. | J12: Observación
C13: 1 | H13: =+F13+G13 -> 0 | J13: =IF(H13=0,"Abandono",IF(H13>=61,"Aprobado","Reprobado")) -> Abandono
C14: 2 | H14: =+F14+G14 -> 0 | J14: =IF(H14=0,"Abandono",IF(H14>=61,"Aprobado","Reprobado")) -> Abandono
C15: 3 | H15: =+F15+G15 -> 0 | J15: =IF(H15=0,"Abandono",IF(H15>=61,"Aprobado","Reprobado")) -> Abandono
C16: 4 | H16: =+F16+G16 -> 0 | J16: =IF(H16=0,"Abandono",IF(H16>=61,"Aprobado","Reprobado")) -> Abandono
C17: 5 | H17: =+F17+G17 -> 0 | J17: =IF(H17=0,"Abandono",IF(H17>=61,"Aprobado","Reprobado")) -> Abandono
C18: 6 | H18: =+F18+G18 -> 0 | J18: =IF(H18=0,"Abandono",IF(H18>=61,"Aprobado","Reprobado")) -> Abandono
C19: 7 | H19: =+F19+G19 -> 0 | J19: =IF(H19=0,"Abandono",IF(H19>=61,"Aprobado","Reprobado")) -> Abandono
C20: 8 | H20: =+F20+G20 -> 0 | J20: =IF(H20=0,"Abandono",IF(H20>=61,"Aprobado","Reprobado")) -> Abandono
C21: 9 | H21: =+F21+G21 -> 0 | J21: =IF(H21=0,"Abandono",IF(H21>=61,"Aprobado","Reprobado")) -> Abandono
C22: 10 | H22: =+F22+G22 -> 0 | J22: =IF(H22=0,"Abandono",IF(H22>=61,"Aprobado","Reprobado")) -> Abandono
C23: 11 | H23: =+F23+G23 -> 0 | J23: =IF(H23=0,"Abandono",IF(H23>=61,"Aprobado","Reprobado")) -> Abandono
C24: 12 | H24: =+F24+G24 -> 0 | J24: =IF(H24=0,"Abandono",IF(H24>=61,"Aprobado","Reprobado")) -> Abandono
... C36: 24 | H36: =+F36+G36 -> 0 | J36: =IF(H36=0,"Abandono",IF(H36>=61,"Aprobado","Reprobado")) -> Abandono
G50: RESUMEN | I50: TOTAL | J50: PORCENTAJE
G51: Inscritos | I51: =COUNT(C13:C47) -> 24 | J51: 1
G52: Aprobados | I52: =COUNTIF(J13:K47,"Aprobado") -> 0 | J52: =(I52*J51)/I51 -> 0
G53: Reprobados | I53: =COUNTIF(J13:K47,"Reprobado") -> 0 | J53: =(I53*J51)/I51 -> 0
G54: Abandonos | I54: =COUNTIF(J13:J47,"Abandono") -> 24 | J54: =(I54*J51)/I51 -> 1
B61: Firma y Sello | F61: Sello de la | I61: Firma y Sello
B62: DIRECTOR ACADEMICO | F62: institución | I62: DOCENTE DE LA MATERIA

Sheet COC-302
A4: INSTITUTO TECNICO DE EDUCACIÓN SUPERIOR "NOVELL"
D5: CARRERA: | E5: CONTADURÍA GENERAL
D6: MENCIÓN:
D7: ÁREA: | E7: COMERCIAL Y SERVICIOS
D8: MATERIA: | E8: CONTABILIDAD DE COSTOS II | I8: SIGLA: | J8: COC-302
D9: DOCENTE:
D10: AÑO/SEMESTRE: | E10: =+'COA-301'!E10:H10 -> TERCER AÑO | I10: GESTIÓN: | J10: =+'COA-301'!J10:K10 -> 2022
C12: Nro. | D12: Apellidos y Nombres | F12: Prom. Ev. Teórica | G12: Prom. Eval. Práctica | H12: Calificación Final | I12: Prueba de Recuper. | J12: Observación
C13: 1 | D13: =+'COA-301'!D13:E13 -> 0 | H13: =+F13+G13 -> 0 | J13: =IF(H13=0,"Abandono",IF(H13>=61,"Aprobado","Reprobado")) -> Abandono
C14: 2 | D14: =+'COA-301'!D14:E14 -> 0 | H14: =+F14+G14 -> 0 | J14: =IF(H14=0,"Abandono",IF(H14>=61,"Aprobado","Reprobado")) -> Abandono
C15: 3 | D15: =+'COA-301'!D15:E15 -> 0 | H15: =+F15+G15 -> 0 | J15: =IF(H15=0,"Abandono",IF(H15>=61,"Aprobado","Reprobado")) -> Abandono
C16: 4 | D16: =+'COA-301'!D16:E16 -> 0 | H16: =+F16+G16 -> 0 | J16: =IF(H16=0,"Abandono",IF(H16>=61,"Aprobado","Reprobado")) -> Abandono
C17: 5 | D17: =+'COA-301'!D17:E17 -> 0 | H17: =+F17+G17 -> 0 | J17: =IF(H17=0,"Abandono",IF(H17>=61,"Aprobado","Reprobado")) -> Abandono
C18: 6 | D18: =+'COA-301'!D18:E18 -> 0 | H18: =+F18+G18 -> 0 | J18: =IF(H18=0,"Abandono",IF(H18>=61,"Aprobado","Reprobado")) -> Abandono
C19: 7 | D19: =+'COA-301'!D19:E19 -> 0 | H19: =+F19+G19 -> 0 | J19: =IF(H19=0,"Abandono",IF(H19>=61,"Aprobado","Reprobado")) -> Abandono
C20: 8 | D20: =+'COA-301'!D20:E20 -> 0 | H20: =+F20+G20 -> 0 | J20: =IF(H20=0,"Abandono",IF(H20>=61,"Aprobado","Reprobado")) -> Abandono
C21: 9 | D21: =+'COA-301'!D21:E21 -> 0 | H21: =+F21+G21 -> 0 | J21: =IF(H21=0,"Abandono",IF(H21>=61,"Aprobado","Reprobado")) -> Abandono
C22: 10 | D22: =+'COA-301'!D22:E22 -> 0 | H22: =+F22+G22 -> 0 | J22: =IF(H22=0,"Abandono",IF(H22>=61,"Aprobado","Reprobado")) -> Abandono
C23: 11 | D23: =+'COA-301'!D23:E23 -> 0 | H23: =+F23+G23 -> 0 | J23: =IF(H23=0,"Abandono",IF(H23>=61,"Aprobado","Reprobado")) -> Abandono
C24: 12 | D24: =+'COA-301'!D24:E24 -> 0 | H24: =+F24+G24 -> 0 | J24: =IF(H24=0,"Abandono",IF(H24>=61,"Aprobado","Reprobado")) -> Abandono
... C36: 24 | D36: =+'COA-301'!D36:E36 -> 0 | H36: =+F36+G36 -> 0 | J36: =IF(H36=0,"Abandono",IF(H36>=61,"Aprobado","Reprobado")) -> Abandono
H37: =+F37+G37 -> 0
H38: =+F38+G38 -> 0
H39: =+F39+G39 -> 0
H40: =+F40+G40 -> 0
H41: =+F41+G41 -> 0
H42: =+F42+G42 -> 0
H43: =+F43+G43 -> 0
H44: =+F44+G44 -> 0
H45: =+F45+G45 -> 0
H46: =+F46+G46 -> 0
H47: =+F47+G47 -> 0
G50: RESUMEN | I50: TOTAL | J50: PORCENTAJE
G51: Inscritos | I51: =COUNT(C13:C47) -> 24 | J51: 1
G52: Aprobados | I52: =COUNTIF(J13:K47,"Aprobado") -> 0 | J52: =(I52*J51)/I51 -> 0
G53: Reprobados | I53: =COUNTIF(J13:K47,"Reprobado") -> 0 | J53: =(I53*J51)/I51 -> 0
G54: Abandonos | I54: =COUNTIF(J13:J47,"Abandono") -> 24 | J54: =(I54*J51)/I51 -> 1
B61: Firma y Sello | F61: Sello de la | I61: Firma y Sello
B62: DIRECTOR ACADEMICO | F62: institución | I62: DOCENTE DE LA MATERIA

Sheet COG-303
A4: INSTITUTO TECNICO DE EDUCACIÓN SUPERIOR "NOVELL"
D5: CARRERA: | E5: CONTADURÍA GENERAL
D6: MENCIÓN:
D7: ÁREA: | E7: COMERCIAL Y SERVICIOS
D8: MATERIA: | E8: CONTABILIDAD GUBERNAMENTAL | I8: SIGLA: | J8: COG-303
D9: DOCENTE:
D10: AÑO/SEMESTRE: | E10: =+'COA-301'!E10:H10 -> TERCER AÑO | I10: GESTIÓN: | J10: =+'COA-301'!J10:K10 -> 2022
C12: Nro. | D12: Apellidos y Nombres | F12: Prom. Ev. Teórica | G12: Prom. Eval. Práctica | H12: Calificación Final | I12: Prueba de Recuper. | J12: Observación
C13: 1 | D13: =+'COA-301'!D13:E13 -> 0 | H13: =+F13+G13 -> 0 | J13: =IF(H13=0,"Abandono",IF(H13>=61,"Aprobado","Reprobado")) -> Abandono
C14: 2 | D14: =+'COA-301'!D14:E14 -> 0 | H14: =+F14+G14 -> 0 | J14: =IF(H14=0,"Abandono",IF(H14>=61,"Aprobado","Reprobado")) -> Abandono
C15: 3 | D15: =+'COA-301'!D15:E15 -> 0 | H15: =+F15+G15 -> 0 | J15: =IF(H15=0,"Abandono",IF(H15>=61,"Aprobado","Reprobado")) -> Abandono
C16: 4 | D16: =+'COA-301'!D16:E16 -> 0 | H16: =+F16+G16 -> 0 | J16: =IF(H16=0,"Abandono",IF(H16>=61,"Aprobado","Reprobado")) -> Abandono
C17: 5 | D17: =+'COA-301'!D17:E17 -> 0 | H17: =+F17+G17 -> 0 | J17: =IF(H17=0,"Abandono",IF(H17>=61,"Aprobado","Reprobado")) -> Abandono
C18: 6 | D18: =+'COA-301'!D18:E18 -> 0 | H18: =+F18+G18 -> 0 | J18: =IF(H18=0,"Abandono",IF(H18>=61,"Aprobado","Reprobado")) -> Abandono
C19: 7 | D19: =+'COA-301'!D19:E19 -> 0 | H19: =+F19+G19 -> 0 | J19: =IF(H19=0,"Abandono",IF(H19>=61,"Aprobado","Reprobado")) -> Abandono
C20: 8 | D20: =+'COA-301'!D20:E20 -> 0 | H20: =+F20+G20 -> 0 | J20: =IF(H20=0,"Abandono",IF(H20>=61,"Aprobado","Reprobado")) -> Abandono
C21: 9 | D21: =+'COA-301'!D21:E21 -> 0 | H21: =+F21+G21 -> 0 | J21: =IF(H21=0,"Abandono",IF(H21>=61,"Aprobado","Reprobado")) -> Abandono
C22: 10 | D22: =+'COA-301'!D22:E22 -> 0 | H22: =+F22+G22 -> 0 | J22: =IF(H22=0,"Abandono",IF(H22>=61,"Aprobado","Reprobado")) -> Abandono
C23: 11 | D23: =+'COA-301'!D23:E23 -> 0 | H23: =+F23+G23 -> 0 | J23: =IF(H23=0,"Abandono",IF(H23>=61,"Aprobado","Reprobado")) -> Abandono
C24: 12 | D24: =+'COA-301'!D24:E24 -> 0 | H24: =+F24+G24 -> 0 | J24: =IF(H24=0,"Abandono",IF(H24>=61,"Aprobado","Reprobado")) -> Abandono
... C36: 24 | D36: =+'COA-301'!D36:E36 -> 0 | H36: =+F36+G36 -> 0 | J36: =IF(H36=0,"Abandono",IF(H36>=61,"Aprobado","Reprobado")) -> Abandono
H37: =+F37+G37 -> 0
H38: =+F38+G38 -> 0
H39: =+F39+G39 -> 0
H40: =+F40+G40 -> 0
H41: =+F41+G41 -> 0
H42: =+F42+G42 -> 0
H43: =+F43+G43 -> 0
H44: =+F44+G44 -> 0
H45: =+F45+G45 -> 0
H46: =+F46+G46 -> 0
H47: =+F47+G47 -> 0
G50: RESUMEN | I50: TOTAL | J50: PORCENTAJE
G51: Inscritos | I51: =COUNT(C13:C47) -> 24 | J51: 1
G52: Aprobados | I52: =COUNTIF(J13:K47,"Aprobado") -> 0 | J52: =(I52*J51)/I51 -> 0
G53: Reprobados | I53: =COUNTIF(J13:K47,"Reprobado") -> 0 | J53: =(I53*J51)/I51 -> 0
G54: Abandonos | I54: =COUNTIF(J13:J47,"Abandono") -> 24 | J54: =(I54*J51)/I51 -> 1
B61: Firma y Sello | F61: Sello de la | I61: Firma y Sello
B62: DIRECTOR ACADEMICO | F62: institución | I62: DOCENTE DE LA MATERIA

Sheet CEP.304
A4: INSTITUTO TECNICO DE EDUCACIÓN SUPERIOR "NOVELL"
D5: CARRERA: | E5: CONTADURÍA GENERAL
D6: MENCIÓN:
D7: ÁREA: | E7: COMERCIAL Y SERVICIOS
D8: MATERIA: | E8: CONTABILIDAD EXTRACTIVA (Minera, Petrolera y Forestal) | I8: SIGLA: | J8: CEP-304
D9: DOCENTE:
D10: AÑO/SEMESTRE: | E10: =+'COA-301'!E10:H10 -> TERCER AÑO | I10: GESTIÓN: | J10: =+'COA-301'!J10:K10 -> 2022
C12: Nro. | D12: Apellidos y Nombres | F12: Prom. Ev. Teórica | G12: Prom. Eval. Práctica | H12: Calificación Final | I12: Prueba de Recuper. | J12: Observación
C13: 1 | D13: =+'COA-301'!D13:E13 -> 0 | H13: =+F13+G13 -> 0 | J13: =IF(H13=0,"Abandono",IF(H13>=61,"Aprobado","Reprobado")) -> Abandono
C14: 2 | D14: =+'COA-301'!D14:E14 -> 0 | H14: =+F14+G14 -> 0 | J14: =IF(H14=0,"Abandono",IF(H14>=61,"Aprobado","Reprobado")) -> Abandono
C15: 3 | D15: =+'COA-301'!D15:E15 -> 0 | H15: =+F15+G15 -> 0 | J15: =IF(H15=0,"Abandono",IF(H15>=61,"Aprobado","Reprobado")) -> Abandono
C16: 4 | D16: =+'COA-301'!D16:E16 -> 0 | H16: =+F16+G16 -> 0 | J16: =IF(H16=0,"Abandono",IF(H16>=61,"Aprobado","Reprobado")) -> Abandono
C17: 5 | D17: =+'COA-301'!D17:E17 -> 0 | H17: =+F17+G17 -> 0 | J17: =IF(H17=0,"Abandono",IF(H17>=61,"Aprobado","Reprobado")) -> Abandono
C18: 6 | D18: =+'COA-301'!D18:E18 -> 0 | H18: =+F18+G18 -> 0 | J18: =IF(H18=0,"Abandono",IF(H18>=61,"Aprobado","Reprobado")) -> Abandono
C19: 7 | D19: =+'COA-301'!D19:E19 -> 0 | H19: =+F19+G19 -> 0 | J19: =IF(H19=0,"Abandono",IF(H19>=61,"Aprobado","Reprobado")) -> Abandono
C20: 8 | D20: =+'COA-301'!D20:E20 -> 0 | H20: =+F20+G20 -> 0 | J20: =IF(H20=0,"Abandono",IF(H20>=61,"Aprobado","Reprobado")) -> Abandono
C21: 9 | D21: =+'COA-301'!D21:E21 -> 0 | H21: =+F21+G21 -> 0 | J21: =IF(H21=0,"Abandono",IF(H21>=61,"Aprobado","Reprobado")) -> Abandono
C22: 10 | D22: =+'COA-301'!D22:E22 -> 0 | H22: =+F22+G22 -> 0 | J22: =IF(H22=0,"Abandono",IF(H22>=61,"Aprobado","Reprobado")) -> Abandono
C23: 11 | D23: =+'COA-301'!D23:E23 -> 0 | H23: =+F23+G23 -> 0 | J23: =IF(H23=0,"Abandono",IF(H23>=61,"Aprobado","Reprobado")) -> Abandono
C24: 12 | D24: =+'COA-301'!D24:E24 -> 0 | H24: =+F24+G24 -> 0 | J24: =IF(H24=0,"Abandono",IF(H24>=61,"Aprobado","Reprobado")) -> Abandono
... C36: 24 | D36: =+'COA-301'!D36:E36 -> 0 | H36: =+F36+G36 -> 0 | J36: =IF(H36=0,"Abandono",IF(H36>=61,"Aprobado","Reprobado")) -> Abandono
H37: =+F37+G37 -> 0
H38: =+F38+G38 -> 0
H39: =+F39+G39 -> 0
H40: =+F40+G40 -> 0
H41: =+F41+G41 -> 0
H42: =+F42+G42 -> 0
H43: =+F43+G43 -> 0
H44: =+F44+G44 -> 0
H45: =+F45+G45 -> 0
H46: =+F46+G46 -> 0
H47: =+F47+G47 -> 0
G50: RESUMEN | I50: TOTAL | J50: PORCENTAJE
G51: Inscritos | I51: =COUNT(C13:C47) -> 24 | J51: 1
G52: Aprobados | I52: =COUNTIF(J13:K47,"Aprobado") -> 0 | J52: =(I52*J51)/I51 -> 0
G53: Reprobados | I53: =COUNTIF(J13:K47,"Reprobado") -> 0 | J53: =(I53*J51)/I51 -> 0
G54: Abandonos | I54: =COUNTIF(J13:J47,"Abandono") -> 24 | J54: =(I54*J51)/I51 -> 1
B61: Firma y Sello | F61: Sello de la | I61: Firma y Sello
B62: DIRECTOR ACADEMICO | F62: institución | I62: DOCENTE DE LA MATERIA

Sheet CSH-305
A4: INSTITUTO TECNICO DE EDUCACIÓN SUPERIOR "NOVELL"
D5: CARRERA: | E5: CONTADURÍA GENERAL
D6: MENCIÓN:
D7: ÁREA: | E7: COMERCIAL Y SERVICIOS
D8: MATERIA: | E8: CONTABILIDAD DE SERVICIOS (Construcción, Hotelería y Transporte) | I8: SIGLA: | J8: CSH-305
D9: DOCENTE:
D10: AÑO/SEMESTRE: | E10: =+'COA-301'!E10:H10 -> TERCER AÑO | I10: GESTIÓN: | J10: =+'COA-301'!J10:K10 -> 2022
C12: Nro. | D12: Apellidos y Nombres | F12: Prom. Ev. Teórica | G12: Prom. Eval. Práctica | H12: Calificación Final | I12: Prueba de Recuper. | J12: Observación
C13: 1 | D13: =+'COA-301'!D13:E13 -> 0 | H13: =+F13+G13 -> 0 | J13: =IF(H13=0,"Abandono",IF(H13>=61,"Aprobado","Reprobado")) -> Abandono
C14: 2 | D14: =+'COA-301'!D14:E14 -> 0 | H14: =+F14+G14 -> 0 | J14: =IF(H14=0,"Abandono",IF(H14>=61,"Aprobado","Reprobado")) -> Abandono
C15: 3 | D15: =+'COA-301'!D15:E15 -> 0 | H15: =+F15+G15 -> 0 | J15: =IF(H15=0,"Abandono",IF(H15>=61,"Aprobado","Reprobado")) -> Abandono
C16: 4 | D16: =+'COA-301'!D16:E16 -> 0 | H16: =+F16+G16 -> 0 | J16: =IF(H16=0,"Abandono",IF(H16>=61,"Aprobado","Reprobado")) -> Abandono
C17: 5 | D17: =+'COA-301'!D17:E17 -> 0 | H17: =+F17+G17 -> 0 | J17: =IF(H17=0,"Abandono",IF(H17>=61,"Aprobado","Reprobado")) -> Abandono
C18: 6 | D18: =+'COA-301'!D18:E18 -> 0 | H18: =+F18+G18 -> 0 | J18: =IF(H18=0,"Abandono",IF(H18>=61,"Aprobado","Reprobado")) -> Abandono
C19: 7 | D19: =+'COA-301'!D19:E19 -> 0 | H19: =+F19+G19 -> 0 | J19: =IF(H19=0,"Abandono",IF(H19>=61,"Aprobado","Reprobado")) -> Abandono
C20: 8 | D20: =+'COA-301'!D20:E20 -> 0 | H20: =+F20+G20 -> 0 | J20: =IF(H20=0,"Abandono",IF(H20>=61,"Aprobado","Reprobado")) -> Abandono
C21: 9 | D21: =+'COA-301'!D21:E21 -> 0 | H21: =+F21+G21 -> 0 | J21: =IF(H21=0,"Abandono",IF(H21>=61,"Aprobado","Reprobado")) -> Abandono
C22: 10 | D22: =+'COA-301'!D22:E22 -> 0 | H22: =+F22+G22 -> 0 | J22: =IF(H22=0,"Abandono",IF(H22>=61,"Aprobado","Reprobado")) -> Abandono
C23: 11 | D23: =+'COA-301'!D23:E23 -> 0 | H23: =+F23+G23 -> 0 | J23: =IF(H23=0,"Abandono",IF(H23>=61,"Aprobado","Reprobado")) -> Abandono
C24: 12 | D24: =+'COA-301'!D24:E24 -> 0 | H24: =+F24+G24 -> 0 | J24: =IF(H24=0,"Abandono",IF(H24>=61,"Aprobado","Reprobado")) -> Abandono
... C36: 24 | D36: =+'COA-301'!D36:E36 -> 0 | H36: =+F36+G36 -> 0 | J36: =IF(H36=0,"Abandono",IF(H36>=61,"Aprobado","Reprobado")) -> Abandono
H37: =+F37+G37 -> 0
H38: =+F38+G38 -> 0
H39: =+F39+G39 -> 0
H40: =+F40+G40 -> 0
H41: =+F41+G41 -> 0
H42: =+F42+G42 -> 0
H43: =+F43+G43 -> 0
H44: =+F44+G44 -> 0
H45: =+F45+G45 -> 0
H46: =+F46+G46 -> 0
H47: =+F47+G47 -> 0
G50: RESUMEN | I50: TOTAL | J50: PORCENTAJE
G51: Inscritos | I51: =COUNT(C13:C47) -> 24 | J51: 1
G52: Aprobados | I52: =COUNTIF(J13:K47,"Aprobado") -> 0 | J52: =(I52*J51)/I51 -> 0
G53: Reprobados | I53: =COUNTIF(J13:K47,"Reprobado") -> 0 | J53: =(I53*J51)/I51 -> 0
G54: Abandonos | I54: =COUNTIF(J13:J47,"Abandono") -> 24 | J54: =(I54*J51)/I51 -> 1
B61: Firma y Sello | F61: Sello de la | I61: Firma y Sello
B62: DIRECTOR ACADEMICO | F62: institución | I62: DOCENTE DE LA MATERIA

Sheet GCI-306
A4: INSTITUTO TECNICO DE EDUCACIÓN SUPERIOR "NOVELL"
D5: CARRERA: | E5: CONTADURÍA GENERAL
D6: MENCIÓN:
D7: ÁREA: | E7: COMERCIAL Y SERVICIOS
D8: MATERIA: | E8: GABINETE CONTABLE INFORMÁTICO | I8: SIGLA: | J8: GCI-306
D9: DOCENTE:
D10: AÑO/SEMESTRE: | E10: =+'COA-301'!E10:H10 -> TERCER AÑO | I10: GESTIÓN: | J10: =+'COA-301'!J10:K10 -> 2022
C12: Nro. | D12: Apellidos y Nombres | F12: Prom. Ev. Teórica | G12: Prom. Eval. Práctica | H12: Calificación Final | I12: Prueba de Recuper. | J12: Observación
C13: 1 | D13: =+'COA-301'!D13:E13 -> 0 | H13: =+F13+G13 -> 0 | J13: =IF(H13=0,"Abandono",IF(H13>=61,"Aprobado","Reprobado")) -> Abandono
C14: 2 | D14: =+'COA-301'!D14:E14 -> 0 | H14: =+F14+G14 -> 0 | J14: =IF(H14=0,"Abandono",IF(H14>=61,"Aprobado","Reprobado")) -> Abandono
C15: 3 | D15: =+'COA-301'!D15:E15 -> 0 | H15: =+F15+G15 -> 0 | J15: =IF(H15=0,"Abandono",IF(H15>=61,"Aprobado","Reprobado")) -> Abandono
C16: 4 | D16: =+'COA-301'!D16:E16 -> 0 | H16: =+F16+G16 -> 0 | J16: =IF(H16=0,"Abandono",IF(H16>=61,"Aprobado","Reprobado")) -> Abandono
C17: 5 | D17: =+'COA-301'!D17:E17 -> 0 | H17: =+F17+G17 -> 0 | J17: =IF(H17=0,"Abandono",IF(H17>=61,"Aprobado","Reprobado")) -> Abandono
C18: 6 | D18: =+'COA-301'!D18:E18 -> 0 | H18: =+F18+G18 -> 0 | J18: =IF(H18=0,"Abandono",IF(H18>=61,"Aprobado","Reprobado")) -> Abandono
C19: 7 | D19: =+'COA-301'!D19:E19 -> 0 | H19: =+F19+G19 -> 0 | J19: =IF(H19=0,"Abandono",IF(H19>=61,"Aprobado","Reprobado")) -> Abandono
C20: 8 | D20: =+'COA-301'!D20:E20 -> 0 | H20: =+F20+G20 -> 0 | J20: =IF(H20=0,"Abandono",IF(H20>=61,"Aprobado","Reprobado")) -> Abandono
C21: 9 | D21: =+'COA-301'!D21:E21 -> 0 | H21: =+F21+G21 -> 0 | J21: =IF(H21=0,"Abandono",IF(H21>=61,"Aprobado","Reprobado")) -> Abandono
C22: 10 | D22: =+'COA-301'!D22:E22 -> 0 | H22: =+F22+G22 -> 0 | J22: =IF(H22=0,"Abandono",IF(H22>=61,"Aprobado","Reprobado")) -> Abandono
C23: 11 | D23: =+'COA-301'!D23:E23 -> 0 | H23: =+F23+G23 -> 0 | J23: =IF(H23=0,"Abandono",IF(H23>=61,"Aprobado","Reprobado")) -> Abandono
C24: 12 | D24: =+'COA-301'!D24:E24 -> 0 | H24: =+F24+G24 -> 0 | J24: =IF(H24=0,"Abandono",IF(H24>=61,"Aprobado","Reprobado")) -> Abandono
... C36: 24 | D36: =+'COA-301'!D36:E36 -> 0 | H36: =+F36+G36 -> 0 | J36: =IF(H36=0,"Abandono",IF(H36>=61,"Aprobado","Reprobado")) -> Abandono
H37: =+F37+G37 -> 0
H38: =+F38+G38 -> 0
H39: =+F39+G39 -> 0
H40: =+F40+G40 -> 0
H41: =+F41+G41 -> 0
H42: =+F42+G42 -> 0
H43: =+F43+G43 -> 0
H44: =+F44+G44 -> 0
H45: =+F45+G45 -> 0
H46: =+F46+G46 -> 0
H47: =+F47+G47 -> 0
G50: RESUMEN | I50: TOTAL | J50: PORCENTAJE
G51: Inscritos | I51: =COUNT(C13:C47) -> 24 | J51: 1
G52: Aprobados | I52: =COUNTIF(J13:K47,"Aprobado") -> 0 | J52: =(I52*J51)/I51 -> 0
G53: Reprobados | I53: =COUNTIF(J13:K47,"Reprobado") -> 0 | J53: =(I53*J51)/I51 -> 0
G54: Abandonos | I54: =COUNTIF(J13:J47,"Abandono") -> 24 | J54: =(I54*J51)/I51 -> 1
B61: Firma y Sello | F61: Sello de la | I61: Firma y Sello
B62: DIRECTOR ACADEMICO | F62: institución | I62: DOCENTE DE LA MATERIA

Sheet AEF-307
A4: INSTITUTO TECNICO DE EDUCACIÓN SUPERIOR "NOVELL"
D5: CARRERA: | E5: CONTADURÍA GENERAL
D6: MENCIÓN:
D7: ÁREA: | E7: COMERCIAL Y SERVICIOS
D8: MATERIA: | E8: ANÁLISIS E INTERPRETACIONES DE ESTADOS FINANCIEROS | I8: SIGLA: | J8: AEF-307
D9: DOCENTE:
D10: AÑO/SEMESTRE: | E10: =+'COA-301'!E10:H10 -> TERCER AÑO | I10: GESTIÓN: | J10: =+'COA-301'!J10:K10 -> 2022
C12: Nro. | D12: Apellidos y Nombres | F12: Prom. Ev. Teórica | G12: Prom. Eval. Práctica | H12: Calificación Final | I12: Prueba de Recuper. | J12: Observación
C13: 1 | D13: =+'COA-301'!D13:E13 -> 0 | H13: =+F13+G13 -> 0 | J13: =IF(H13=0,"Abandono",IF(H13>=61,"Aprobado","Reprobado")) -> Abandono
C14: 2 | D14: =+'COA-301'!D14:E14 -> 0 | H14: =+F14+G14 -> 0 | J14: =IF(H14=0,"Abandono",IF(H14>=61,"Aprobado","Reprobado")) -> Abandono
C15: 3 | D15: =+'COA-301'!D15:E15 -> 0 | H15: =+F15+G15 -> 0 | J15: =IF(H15=0,"Abandono",IF(H15>=61,"Aprobado","Reprobado")) -> Abandono
C16: 4 | D16: =+'COA-301'!D16:E16 -> 0 | H16: =+F16+G16 -> 0 | J16: =IF(H16=0,"Abandono",IF(H16>=61,"Aprobado","Reprobado")) -> Abandono
C17: 5 | D17: =+'COA-301'!D17:E17 -> 0 | H17: =+F17+G17 -> 0 | J17: =IF(H17=0,"Abandono",IF(H17>=61,"Aprobado","Reprobado")) -> Abandono
C18: 6 | D18: =+'COA-301'!D18:E18 -> 0 | H18: =+F18+G18 -> 0 | J18: =IF(H18=0,"Abandono",IF(H18>=61,"Aprobado","Reprobado")) -> Abandono
C19: 7 | D19: =+'COA-301'!D19:E19 -> 0 | H19: =+F19+G19 -> 0 | J19: =IF(H19=0,"Abandono",IF(H19>=61,"Aprobado","Reprobado")) -> Abandono
C20: 8 | D20: =+'COA-301'!D20:E20 -> 0 | H20: =+F20+G20 -> 0 | J20: =IF(H20=0,"Abandono",IF(H20>=61,"Aprobado","Reprobado")) -> Abandono
C21: 9 | D21: =+'COA-301'!D21:E21 -> 0 | H21: =+F21+G21 -> 0 | J21: =IF(H21=0,"Abandono",IF(H21>=61,"Aprobado","Reprobado")) -> Abandono
C22: 10 | D22: =+'COA-301'!D22:E22 -> 0 | H22: =+F22+G22 -> 0 | J22: =IF(H22=0,"Abandono",IF(H22>=61,"Aprobado","Reprobado")) -> Abandono
C23: 11 | D23: =+'COA-301'!D23:E23 -> 0 | H23: =+F23+G23 -> 0 | J23: =IF(H23=0,"Abandono",IF(H23>=61,"Aprobado","Reprobado")) -> Abandono
C24: 12 | D24: =+'COA-301'!D24:E24 -> 0 | H24: =+F24+G24 -> 0 | J24: =IF(H24=0,"Abandono",IF(H24>=61,"Aprobado","Reprobado")) -> Abandono
... C36: 24 | D36: =+'COA-301'!D36:E36 -> 0 | H36: =+F36+G36 -> 0 | J36: =IF(H36=0,"Abandono",IF(H36>=61,"Aprobado","Reprobado")) -> Abandono
H37: =+F37+G37 -> 0
H38: =+F38+G38 -> 0
H39: =+F39+G39 -> 0
H40: =+F40+G40 -> 0
H41: =+F41+G41 -> 0
H42: =+F42+G42 -> 0
H43: =+F43+G43 -> 0
H44: =+F44+G44 -> 0
H45: =+F45+G45 -> 0
H46: =+F46+G46 -> 0
H47: =+F47+G47 -> 0
G50: RESUMEN | I50: TOTAL | J50: PORCENTAJE
G51: Inscritos | I51: =COUNT(C13:C47) -> 24 | J51: 1
G52: Aprobados | I52: =COUNTIF(J13:K47,"Aprobado") -> 0 | J52: =(I52*J51)/I51 -> 0
G53: Reprobados | I53: =COUNTIF(J13:K47,"Reprobado") -> 0 | J53: =(I53*J51)/I51 -> 0
G54: Abandonos | I54: =COUNTIF(J13:J47,"Abandono") -> 24 | J54: =(I54*J51)/I51 -> 1
B61: Firma y Sello | F61: Sello de la | I61: Firma y Sello
B62: DIRECTOR ACADEMICO | F62: institución | I62: DOCENTE DE LA MATERIA

Sheet TMG-308
A4: INSTITUTO TECNICO DE EDUCACIÓN SUPERIOR "NOVELL"
D5: CARRERA: | E5: CONTADURÍA GENERAL
D6: MENCIÓN:
D7: ÁREA: | E7: COMERCIAL Y SERVICIOS
D8: MATERIA: | E8: TALLER DE MODALIDAD DE GRADUACIÓN | I8: SIGLA: | J8: TMG-308
D9: DOCENTE:
D10: AÑO/SEMESTRE: | E10: =+'COA-301'!E10:H10 -> TERCER AÑO | I10: GESTIÓN: | J10: =+'COA-301'!J10:K10 -> 2022
C12: Nro. | D12: Apellidos y Nombres | F12: Prom. Ev. Teórica | G12: Prom. Eval. Práctica | H12: Calificación Final | I12: Prueba de Recuper. | J12: Observación
C13: 1 | D13: =+'COA-301'!D13:E13 -> 0 | H13: =+F13+G13 -> 0 | J13: =IF(H13=0,"Abandono",IF(H13>=61,"Aprobado","Reprobado")) -> Abandono
C14: 2 | D14: =+'COA-301'!D14:E14 -> 0 | H14: =+F14+G14 -> 0 | J14: =IF(H14=0,"Abandono",IF(H14>=61,"Aprobado","Reprobado")) -> Abandono
C15: 3 | D15: =+'COA-301'!D15:E15 -> 0 | H15: =+F15+G15 -> 0 | J15: =IF(H15=0,"Abandono",IF(H15>=61,"Aprobado","Reprobado")) -> Abandono
C16: 4 | D16: =+'COA-301'!D16:E16 -> 0 | H16: =+F16+G16 -> 0 | J16: =IF(H16=0,"Abandono",IF(H16>=61,"Aprobado","Reprobado")) -> Abandono
C17: 5 | D17: =+'COA-301'!D17:E17 -> 0 | H17: =+F17+G17 -> 0 | J17: =IF(H17=0,"Abandono",IF(H17>=61,"Aprobado","Reprobado")) -> Abandono
C18: 6 | D18: =+'COA-301'!D18:E18 -> 0 | H18: =+F18+G18 -> 0 | J18: =IF(H18=0,"Abandono",IF(H18>=61,"Aprobado","Reprobado")) -> Abandono
C19: 7 | D19: =+'COA-301'!D19:E19 -> 0 | H19: =+F19+G19 -> 0 | J19: =IF(H19=0,"Abandono",IF(H19>=61,"Aprobado","Reprobado")) -> Abandono
C20: 8 | D20: =+'COA-301'!D20:E20 -> 0 | H20: =+F20+G20 -> 0 | J20: =IF(H20=0,"Abandono",IF(H20>=61,"Aprobado","Reprobado")) -> Abandono
C21: 9 | D21: =+'COA-301'!D21:E21 -> 0 | H21: =+F21+G21 -> 0 | J21: =IF(H21=0,"Abandono",IF(H21>=61,"Aprobado","Reprobado")) -> Abandono
C22: 10 | D22: =+'COA-301'!D22:E22 -> 0 | H22: =+F22+G22 -> 0 | J22: =IF(H22=0,"Abandono",IF(H22>=61,"Aprobado","Reprobado")) -> Abandono
C23: 11 | D23: =+'COA-301'!D23:E23 -> 0 | H23: =+F23+G23 -> 0 | J23: =IF(H23=0,"Abandono",IF(H23>=61,"Aprobado","Reprobado")) -> Abandono
C24: 12 | D24: =+'COA-301'!D24:E24 -> 0 | H24: =+F24+G24 -> 0 | J24: =IF(H24=0,"Abandono",IF(H24>=61,"Aprobado","Reprobado")) -> Abandono
... C36: 24 | D36: =+'COA-301'!D36:E36 -> 0 | H36: =+F36+G36 -> 0 | J36: =IF(H36=0,"Abandono",IF(H36>=61,"Aprobado","Reprobado")) -> Abandono
H37: =+F37+G37 -> 0
H38: =+F38+G38 -> 0
H39: =+F39+G39 -> 0
H40: =+F40+G40 -> 0
H41: =+F41+G41 -> 0
H42: =+F42+G42 -> 0
H43: =+F43+G43 -> 0
H44: =+F44+G44 -> 0
H45: =+F45+G45 -> 0
H46: =+F46+G46 -> 0
H47: =+F47+G47 -> 0
G50: RESUMEN | I50: TOTAL | J50: PORCENTAJE
G51: Inscritos | I51: =COUNT(C13:C47) -> 24 | J51: 1
G52: Aprobados | I52: =COUNTIF(J13:K47,"Aprobado") -> 0 | J52: =(I52*J51)/I51 -> 0
G53: Reprobados | I53: =COUNTIF(J13:K47,"Reprobado") -> 0 | J53: =(I53*J51)/I51 -> 0
G54: Abandonos | I54: =COUNTIF(J13:J47,"Abandono") -> 24 | J54: =(I54*J51)/I51 -> 1
B61: Firma y Sello | F61: Sello de la | I61: Firma y Sello
B62: DIRECTOR ACADEMICO | F62: institución | I62: DOCENTE DE LA MATERIA

Sheet Centralizador 3er año Tarde
F3: CENTRALIZADOR DE CALIFICACIONES
S5: TURNO: | U5: TARDE
C6: INSTITUCIÓN: | E6: INSTITUTO TECNICO DE EDUCACIÓN SUPERIOR "NOVELL" | Q6: R.M. | R6: 0906/02 | S6: CARÁCTER: | U6: PRIVADO
C7: GESTIÓN ACADÉMICA: | E7: 2022 | F7: CÉDULA DE IDENTIDAD | G7: COA-301 | H7: COC-302 | I7: COG-303 | J7: CEP-304 | K7: CSH-305 | L7: GCI-306 | M7: AEF-307 | N7: TMG-308 | V7: OBSERVACIONES
G8: CONTABILIDAD AGROPECUARIA | H8: CONTABILIDAD DE COSTOS II | I8: CONTABILIDAD GUBERNAMENTAL | J8: CONTABILIDAD EXTRACTIVA (MINERA, PETROLERA Y FORESTAL) | K8: CONTABILIDAD DE SERVICIOS (CONSTRUCCIÓN, HOTELERÍA Y TRANSPORTE) | L8: GABINETA CONTABLE INFORMÁTICO | M8: ANÁLISIS E INTERPRETACIONES DE ESTADOS FINANCIEROS | N8: TALLER DE MODALIDAD DE GRADUACIÓN
C9: NIVEL: | E9: TECNICO SUPERIOR
C10: CARRERA: | E10: CONTADURIA GENERAL
C11: RÉGIMEN: | E11: ANUAL
C12: CURSO: | E12: TERCER AÑO - A
C13: N° | D13: NÓMINA ESTUDIANTES
C14: 1 | D14: =+'COA-301 T'!D13:E13 -> Choque Choque Eneida | F14: 4078247 Or. | G14: =+'COA-301 T'!H13 -> 0 | H14: =+'COC-302 T'!H13 -> 0 | I14: =+'COG-303 T'!H13 -> 0 | J14: =+'CEP-304 T'!H13 -> 0 | K14: =+'CSH-305 T'!H13 -> 0 | L14: =+'GCI-306 T'!H13 -> 0 | M14: =+'AEF-307 T'!H13 -> 0 | N14: =+'TMG-308 T'!H13 -> 0 | V14: =IF(M14=0,"Abandono",IF(AVERAGE(G14:M14)>=61,"Aprobado","Reprobado")) -> Abandono
C15: 2 | D15: =+'COA-301 T'!D14:E14 -> Condori Felipez Nahely | F15: 7405160 Or. | G15: =+'COA-301 T'!H14 -> 0 | H15: =+'COC-302 T'!H14 -> 0 | I15: =+'COG-303 T'!H14 -> 0 | J15: =+'CEP-304 T'!H14 -> 0 | K15: =+'CSH-305 T'!H14 -> 0 | L15: =+'GCI-306 T'!H14 -> 0 | M15: =+'AEF-307 T'!H14 -> 0 | N15: =+'TMG-308 T'!H14 -> 0 | V15: =IF(M15=0,"Abandono",IF(AVERAGE(G15:M15)>=61,"Aprobado","Reprobado")) -> Abandono
C16: 3 | D16: =+'COA-301 T'!D15:E15 -> Cusi Cruz Ramiro | F16: 4299411 Lp. | G16: =+'COA-301 T'!H15 -> 0 | H16: =+'COC-302 T'!H15 -> 0 | I16: =+'COG-303 T'!H15 -> 0 | J16: =+'CEP-304 T'!H15 -> 0 | K16: =+'CSH-305 T'!H15 -> 0 | L16: =+'GCI-306 T'!H15 -> 0 | M16: =+'AEF-307 T'!H15 -> 0 | N16: =+'TMG-308 T'!H15 -> 0 | V16: =IF(M16=0,"Abandono",IF(AVERAGE(G16:M16)>=61,"Aprobado","Reprobado")) -> Abandono
C17: 4 | D17: =+'COA-301 T'!D16:E16 -> Diaz Soruco Milenka Ingrid | F17: 6712229 | G17: =+'COA-301 T'!H16 -> 80 | H17: =+'COC-302 T'!H16 -> 91 | I17: =+'COG-303 T'!H16 -> 78 | J17: =+'CEP-304 T'!H16 -> 94 | K17: =+'CSH-305 T'!H16 -> 81 | L17: =+'GCI-306 T'!H16 -> 84 | M17: =+'AEF-307 T'!H16 -> 80 | N17: =+'TMG-308 T'!H16 -> 84 | V17: =IF(M17=0,"Abandono",IF(AVERAGE(G17:M17)>=61,"Aprobado","Reprobado")) -> Aprobado
C18: 5 | D18: =+'COA-301 T'!D17:E17 -> Fernandez Choque Karen Carolina | F18: 7412669 Or. | G18: =+'COA-301 T'!H17 -> 90 | H18: =+'COC-302 T'!H17 -> 88 | I18: =+'COG-303 T'!H17 -> 90 | J18: =+'CEP-304 T'!H17 -> 92 | K18: =+'CSH-305 T'!H17 -> 87 | L18: =+'GCI-306 T'!H17 -> 93 | M18: =+'AEF-307 T'!H17 -> 90 | N18: =+'TMG-308 T'!H17 -> 92 | V18: =IF(M18=0,"Abandono",IF(AVERAGE(G18:M18)>=61,"Aprobado","Reprobado")) -> Aprobado
C19: 6 | D19: =+'COA-301 T'!D18:E18 -> Flores Condarco Eberth Luis | F19: 5737660 Or. | G19: =+'COA-301 T'!H18 -> 63 | H19: =+'COC-302 T'!H18 -> 62 | I19: =+'COG-303 T'!H18 -> 62 | J19: =+'CEP-304 T'!H18 -> 65 | K19: =+'CSH-305 T'!H18 -> 66 | L19: =+'GCI-306 T'!H18 -> 66 | M19: =+'AEF-307 T'!H18 -> 61 | N19: =+'TMG-308 T'!H18 -> 65 | V19: =IF(M19=0,"Abandono",IF(AVERAGE(G19:M19)>=61,"Aprobado","Reprobado")) -> Aprobado
C20: 7 | D20: =+'COA-301 T'!D19:E19 -> Guarachi Bolivar Ariel Leonel | F20: 7335226 | G20: =+'COA-301 T'!H19 -> 0 | H20: =+'COC-302 T'!H19 -> 0 | I20: =+'COG-303 T'!H19 -> 0 | J20: =+'CEP-304 T'!H19 -> 0 | K20: =+'CSH-305 T'!H19 -> 0 | L20: =+'GCI-306 T'!H19 -> 0 | M20: =+'AEF-307 T'!H19 -> 0 | N20: =+'TMG-308 T'!H19 -> 0 | V20: =IF(M20=0,"Abandono",IF(AVERAGE(G20:M20)>=61,"Aprobado","Reprobado")) -> Abandono
C21: 8 | D21: =+'COA-301 T'!D20:E20 -> Guarachi Bolivar Omar Rodrigo | F21: 4038174 Or. | G21: =+'COA-301 T'!H20 -> 0 | H21: =+'COC-302 T'!H20 -> 0 | I21: =+'COG-303 T'!H20 -> 0 | J21: =+'CEP-304 T'!H20 -> 0 | K21: =+'CSH-305 T'!H20 -> 0 | L21: =+'GCI-306 T'!H20 -> 0 | M21: =+'AEF-307 T'!H20 -> 0 | N21: =+'TMG-308 T'!H20 -> 0 | V21: =IF(M21=0,"Abandono",IF(AVERAGE(G21:M21)>=61,"Aprobado","Reprobado")) -> Abandono
C22: 9 | D22: =+'COA-301 T'!D21:E21 -> Lazarte Escobar Cristian Fernando | F22: 4062507 Or. | G22: =+'COA-301 T'!H21 -> 0 | H22: =+'COC-302 T'!H21 -> 0 | I22: =+'COG-303 T'!H21 -> 0 | J22: =+'CEP-304 T'!H21 -> 0 | K22: =+'CSH-305 T'!H21 -> 0 | L22: =+'GCI-306 T'!H21 -> 0 | M22: =+'AEF-307 T'!H21 -> 0 | N22: =+'TMG-308 T'!H21 -> 0 | V22: =IF(M22=0,"Abandono",IF(AVERAGE(G22:M22)>=61,"Aprobado","Reprobado")) -> Abandono
C23: 10 | D23: =+'COA-301 T'!D22:E22 -> Manzano Huanca David Hernan | F23: 7334651 Or. | G23: =+'COA-301 T'!H22 -> 94 | H23: =+'COC-302 T'!H22 -> 95 | I23: =+'COG-303 T'!H22 -> 100 | J23: =+'CEP-304 T'!H22 -> 84 | K23: =+'CSH-305 T'!H22 -> 92 | L23: =+'GCI-306 T'!H22 -> 100 | M23: =+'AEF-307 T'!H22 -> 93 | N23: =+'TMG-308 T'!H22 -> 98 | V23: =IF(M23=0,"Abandono",IF(AVERAGE(G23:M23)>=61,"Aprobado","Reprobado")) -> Aprobado
C24: 11 | D24: =+'COA-301 T'!D23:E23 -> Salinas Lopez Elvis Alex | F24: 7386227 Or. | G24: =+'COA-301 T'!H23 -> 85 | H24: =+'COC-302 T'!H23 -> 83 | I24: =+'COG-303 T'!H23 -> 85 | J24: =+'CEP-304 T'!H23 -> 87 | K24: =+'CSH-305 T'!H23 -> 81 | L24: =+'GCI-306 T'!H23 -> 88 | M24: =+'AEF-307 T'!H23 -> 85 | N24: =+'TMG-308 T'!H23 -> 83 | V24: =IF(M24=0,"Abandono",IF(AVERAGE(G24:M24)>=61,"Aprobado","Reprobado")) -> Aprobado
C25: 12 | D25: =+'COA-301 T'!D24:E24 -> Tellez Ledo Axel Jairo | F25: 7290846 Or. | G25: 61 | H25: =+'COC-302 T'!H24 -> 69 | I25: 61 | J25: =+'CEP-304 T'!H24 -> 73 | K25: =+'CSH-305 T'!H24 -> 70 | L25: =+'GCI-306 T'!H24 -> 66 | M25: 61 | N25: =+'TMG-308 T'!H24 -> 68 | V25: =IF(M25=0,"Abandono",IF(AVERAGE(G25:M25)>=61,"Aprobado","Reprobado")) -> Aprobado
C44: *En observaciones tomar en cuenta: Aprobado, Reprobado y Abandono
E48: Firma y Sello | H48: Sello de la | K48: Firma y Sello
E49: DIRECTOR ACADEMICO | H49: institución | K49: Vo.Bo. RECTOR
O50: ELABORADO POR:
O51: NOMBRE: | Q51: T.S. DAYANA VIRREIRA CANO
O52: CARGO: | Q52: SECRETARIA EJECUTIVA
D53: DETALLE | G53: CANTIDAD | H53: PORCENT. | O53: FIRMA:
D54: ESTUDIANTES INSCRITOS | G54: =COUNT(C14:C41) -> 12 | H54: 1 | O54: FECHA: | Q54: ORURO, 25 DE NOVIEMBRE DE 2022
D55: ESTUDIANTES APROBADOS | G55: =COUNTIF(V14:V43,"Aprobado") -> 6 | H55: =(G55*H54)/G54 -> 0.5
D56: ESTUDIANTES REPROBADOS | G56: =COUNTIF(V14:V43,"Reprobado") -> 0 | H56: =(G56*H54)/G54 -> 0
D57: ABADONO | G57: =COUNTIF(V14:V43,"Abandono") -> 6 | H57: =(G57*H54)/G54 -> 0.5

Sheet COA-301 T
A4: INSTITUTO TECNICO DE EDUCACIÓN SUPERIOR "NOVELL"
D5: CARRERA: | E5: CONTADURÍA GENERAL
D6: MENCIÓN:
D7: ÁREA: | E7: COMERCIAL Y SERVICIOS
D8: MATERIA: | E8: =+'COA-301'!E8:H8 -> CONTABILIDAD AGROPECUARIA | I8: SIGLA: | J8: =+'COA-301'!J8:K8 -> COA-301
D9: DOCENTE: | E9: LIC. MARIA ELENA MAMANI MACEDA
D10: AÑO/SEMESTRE: | E10: =+'COA-301'!E10:H10 -> TERCER AÑO | I10: GESTIÓN: | J10: =+'COA-301'!J10:K10 -> 2022
C12: Nro. | D12: Apellidos y Nombres | F12: Prom. Ev. Teórica | G12: Prom. Eval. Práctica | H12: Calificación Final | I12: Prueba de Recuper. | J12: Observación
C13: 1 | D13: Choque Choque Eneida | F13: 0 | G13: 0 | H13: =F13+G13 -> 0 | J13: =IF(H13=0,"Abandono",IF(OR(H13>=61,I13=61),"Aprobado","Reprobado")) -> Abandono
C14: 2 | D14: Condori Felipez Nahely | F14: 0 | G14: 0 | H14: =F14+G14 -> 0 | J14: =IF(H14=0,"Abandono",IF(OR(H14>=61,I14=61),"Aprobado","Reprobado")) -> Abandono
C15: 3 | D15: Cusi Cruz Ramiro | F15: 0 | G15: 0 | H15: =F15+G15 -> 0 | J15: =IF(H15=0,"Abandono",IF(OR(H15>=61,I15=61),"Aprobado","Reprobado")) -> Abandono
C16: 4 | D16: Diaz Soruco Milenka Ingrid | F16: 20 | G16: 60 | H16: =F16+G16 -> 80 | J16: =IF(H16=0,"Abandono",IF(OR(H16>=61,I16=61),"Aprobado","Reprobado")) -> Aprobado
C17: 5 | D17: Fernandez Choque Karen Carolina | F17: 30 | G17: 60 | H17: =F17+G17 -> 90 | J17: =IF(H17=0,"Abandono",IF(OR(H17>=61,I17=61),"Aprobado","Reprobado")) -> Aprobado
C18: 6 | D18: Flores Condarco Eberth Luis | F18: 18 | G18: 45 | H18: =F18+G18 -> 63 | J18: =IF(H18=0,"Abandono",IF(OR(H18>=61,I18=61),"Aprobado","Reprobado")) -> Aprobado
C19: 7 | D19: Guarachi Bolivar Ariel Leonel | F19: 0 | G19: 0 | H19: =F19+G19 -> 0 | J19: =IF(H19=0,"Abandono",IF(OR(H19>=61,I19=61),"Aprobado","Reprobado")) -> Abandono
C20: 8 | D20: Guarachi Bolivar Omar Rodrigo | F20: 0 | G20: 0 | H20: =F20+G20 -> 0 | J20: =IF(H20=0,"Abandono",IF(OR(H20>=61,I20=61),"Aprobado","Reprobado")) -> Abandono
C21: 9 | D21: Lazarte Escobar Cristian Fernando | F21: 0 | G21: 0 | H21: =F21+G21 -> 0 | J21: =IF(H21=0,"Abandono",IF(OR(H21>=61,I21=61),"Aprobado","Reprobado")) -> Abandono
C22: 10 | D22: Manzano Huanca David Hernan | F22: 27 | G22: 67 | H22: =F22+G22 -> 94 | J22: =IF(H22=0,"Abandono",IF(OR(H22>=61,I22=61),"Aprobado","Reprobado")) -> Aprobado
C23: 11 | D23: Salinas Lopez Elvis Alex | F23: 30 | G23: 55 | H23: =F23+G23 -> 85 | J23: =IF(H23=0,"Abandono",IF(OR(H23>=61,I23=61),"Aprobado","Reprobado")) -> Aprobado
C24: 12 | D24: Tellez Ledo Axel Jairo | F24: 10 | G24: 35 | H24: =F24+G24 -> 45 | I24: 61 | J24: =IF(H24=0,"Abandono",IF(OR(H24>=61,I24=61),"Aprobado","Reprobado")) -> Aprobado
G50: RESUMEN | I50: TOTAL | J50: PORCENTAJE
G51: Inscritos | I51: =COUNT(C13:C47) -> 12 | J51: 1
G52: Aprobados | I52: =COUNTIF(J13:K47,"Aprobado") -> 6 | J52: =(I52*J51)/I51 -> 0.5
G53: Reprobados | I53: =COUNTIF(J13:K47,"Reprobado") -> 0 | J53: =(I53*J51)/I51 -> 0
G54: Abandonos | I54: =COUNTIF(J13:J47,"Abandono") -> 6 | J54: =(I54*J51)/I51 -> 0.5
B61: Firma y Sello | F61: Sello de la | I61: Firma y Sello
B62: DIRECTOR ACADEMICO | F62: institución | I62: DOCENTE DE LA MATERIA

Sheet COC-302 T
A4: INSTITUTO TECNICO DE EDUCACIÓN SUPERIOR "NOVELL"
D5: CARRERA: | E5: CONTADURÍA GENERAL
D6: MENCIÓN:
D7: ÁREA: | E7: COMERCIAL Y SERVICIOS
D8: MATERIA: | E8: =+'COC-302'!E8:H8 -> CONTABILIDAD DE COSTOS II | I8: SIGLA: | J8: =+'COC-302'!J8:K8 -> COC-302
D9: DOCENTE: | E9: LIC. WILSON PEÑAFIEL SEJAS
D10: AÑO/SEMESTRE: | E10: =+'COA-301'!E10:H10 -> TERCER AÑO | I10: GESTIÓN: | J10: =+'COA-301'!J10:K10 -> 2022
C12: Nro. | D12: Apellidos y Nombres | F12: Prom. Ev. Teórica | G12: Prom. Eval. Práctica | H12: Calificación Final | I12: Prueba de Recuper. | J12: Observación
C13: 1 | D13: =+'COA-301 T'!D13:E13 -> Choque Choque Eneida | F13: 0 | G13: 0 | H13: =+F13+G13 -> 0 | J13: =IF(H13=0,"Abandono",IF(OR(H13>=61,I13=61),"Aprobado","Reprobado")) -> Abandono
C14: 2 | D14: =+'COA-301 T'!D14:E14 -> Condori Felipez Nahely | F14: 0 | G14: 0 | H14: =+F14+G14 -> 0 | J14: =IF(H14=0,"Abandono",IF(OR(H14>=61,I14=61),"Aprobado","Reprobado")) -> Abandono
C15: 3 | D15: =+'COA-301 T'!D15:E15 -> Cusi Cruz Ramiro | F15: 0 | G15: 0 | H15: =+F15+G15 -> 0 | J15: =IF(H15=0,"Abandono",IF(OR(H15>=61,I15=61),"Aprobado","Reprobado")) -> Abandono
C16: 4 | D16: =+'COA-301 T'!D16:E16 -> Diaz Soruco Milenka Ingrid | F16: 28 | G16: 63 | H16: =+F16+G16 -> 91 | J16: =IF(H16=0,"Abandono",IF(OR(H16>=61,I16=61),"Aprobado","Reprobado")) -> Aprobado
C17: 5 | D17: =+'COA-301 T'!D17:E17 -> Fernandez Choque Karen Carolina | F17: 28 | G17: 60 | H17: =+F17+G17 -> 88 | J17: =IF(H17=0,"Abandono",IF(OR(H17>=61,I17=61),"Aprobado","Reprobado")) -> Aprobado
C18: 6 | D18: =+'COA-301 T'!D18:E18 -> Flores Condarco Eberth Luis | F18: 20 | G18: 42 | H18: =+F18+G18 -> 62 | J18: =IF(H18=0,"Abandono",IF(OR(H18>=61,I18=61),"Aprobado","Reprobado")) -> Aprobado
C19: 7 | D19: =+'COA-301 T'!D19:E19 -> Guarachi Bolivar Ariel Leonel | F19: 0 | G19: 0 | H19: =+F19+G19 -> 0 | J19: =IF(H19=0,"Abandono",IF(OR(H19>=61,I19=61),"Aprobado","Reprobado")) -> Abandono
C20: 8 | D20: =+'COA-301 T'!D20:E20 -> Guarachi Bolivar Omar Rodrigo | F20: 0 | G20: 0 | H20: =+F20+G20 -> 0 | J20: =IF(H20=0,"Abandono",IF(OR(H20>=61,I20=61),"Aprobado","Reprobado")) -> Abandono
C21: 9 | D21: =+'COA-301 T'!D21:E21 -> Lazarte Escobar Cristian Fernando | F21: 0 | G21: 0 | H21: =+F21+G21 -> 0 | J21: =IF(H21=0,"Abandono",IF(OR(H21>=61,I21=61),"Aprobado","Reprobado")) -> Abandono
C22: 10 | D22: =+'COA-301 T'!D22:E22 -> Manzano Huanca David Hernan | F22: 28 | G22: 67 | H22: =+F22+G22 -> 95 | J22: =IF(H22=0,"Abandono",IF(OR(H22>=61,I22=61),"Aprobado","Reprobado")) -> Aprobado
C23: 11 | D23: =+'COA-301 T'!D23:E23 -> Salinas Lopez Elvis Alex | F23: 30 | G23: 53 | H23: =+F23+G23 -> 83 | J23: =IF(H23=0,"Abandono",IF(OR(H23>=61,I23=61),"Aprobado","Reprobado")) -> Aprobado
C24: 12 | D24: =+'COA-301 T'!D24:E24 -> Tellez Ledo Axel Jairo | F24: 21 | G24: 48 | H24: =+F24+G24 -> 69 | J24: =IF(H24=0,"Abandono",IF(OR(H24>=61,I24=61),"Aprobado","Reprobado")) -> Aprobado
G50: RESUMEN | I50: TOTAL | J50: PORCENTAJE
G51: Inscritos | I51: =COUNT(C13:C47) -> 12 | J51: 1
G52: Aprobados | I52: =COUNTIF(J13:K47,"Aprobado") -> 6 | J52: =(I52*J51)/I51 -> 0.5
G53: Reprobados | I53: =COUNTIF(J13:K47,"Reprobado") -> 0 | J53: =(I53*J51)/I51 -> 0
G54: Abandonos | I54: =COUNTIF(J13:J47,"Abandono") -> 6 | J54: =(I54*J51)/I51 -> 0.5
B61: Firma y Sello | F61: Sello de la | I61: Firma y Sello
B62: DIRECTOR ACADEMICO | F62: institución | I62: DOCENTE DE LA MATERIA

Sheet COG-303 T
A4: INSTITUTO TECNICO DE EDUCACIÓN SUPERIOR "NOVELL"
D5: CARRERA: | E5: CONTADURÍA GENERAL
D6: MENCIÓN:
D7: ÁREA: | E7: COMERCIAL Y SERVICIOS
D8: MATERIA: | E8: =+'COG-303'!E8:H8 -> CONTABILIDAD GUBERNAMENTAL | I8: SIGLA: | J8: =+'COG-303'!J8:K8 -> COG-303
D9: DOCENTE: | E9: LIC. DIVAR AURELIO CRUZ LOPEZ
D10: AÑO/SEMESTRE: | E10: =+'COA-301'!E10:H10 -> TERCER AÑO | I10: GESTIÓN: | J10: =+'COA-301'!J10:K10 -> 2022
C12: Nro. | D12: Apellidos y Nombres | F12: Prom. Ev. Teórica | G12: Prom. Eval. Práctica | H12: Calificación Final | I12: Prueba de Recuper. | J12: Observación
C13: 1 | D13: =+'COA-301 T'!D13:E13 -> Choque Choque Eneida | F13: 0 | G13: 0 | H13: =+F13+G13 -> 0 | J13: =IF(H13=0,"Abandono",IF(OR(H13>=61,I13=61),"Aprobado","Reprobado")) -> Abandono
C14: 2 | D14: =+'COA-301 T'!D14:E14 -> Condori Felipez Nahely | F14: 0 | G14: 0 | H14: =+F14+G14 -> 0 | J14: =IF(H14=0,"Abandono",IF(OR(H14>=61,I14=61),"Aprobado","Reprobado")) -> Abandono
C15: 3 | D15: =+'COA-301 T'!D15:E15 -> Cusi Cruz Ramiro | F15: 0 | G15: 0 | H15: =+F15+G15 -> 0 | J15: =IF(H15=0,"Abandono",IF(OR(H15>=61,I15=61),"Aprobado","Reprobado")) -> Abandono
C16: 4 | D16: =+'COA-301 T'!D16:E16 -> Diaz Soruco Milenka Ingrid | F16: 25 | G16: 53 | H16: =+F16+G16 -> 78 | J16: =IF(H16=0,"Abandono",IF(OR(H16>=61,I16=61),"Aprobado","Reprobado")) -> Aprobado
C17: 5 | D17: =+'COA-301 T'!D17:E17 -> Fernandez Choque Karen Carolina | F17: 30 | G17: 60 | H17: =+F17+G17 -> 90 | J17: =IF(H17=0,"Abandono",IF(OR(H17>=61,I17=61),"Aprobado","Reprobado")) -> Aprobado
C18: 6 | D18: =+'COA-301 T'!D18:E18 -> Flores Condarco Eberth Luis | F18: 21 | G18: 41 | H18: =+F18+G18 -> 62 | J18: =IF(H18=0,"Abandono",IF(OR(H18>=61,I18=61),"Aprobado","Reprobado")) -> Aprobado
C19: 7 | D19: =+'COA-301 T'!D19:E19 -> Guarachi Bolivar Ariel Leonel | F19: 0 | G19: 0 | H19: =+F19+G19 -> 0 | J19: =IF(H19=0,"Abandono",IF(OR(H19>=61,I19=61),"Aprobado","Reprobado")) -> Abandono
C20: 8 | D20: =+'COA-301 T'!D20:E20 -> Guarachi Bolivar Omar Rodrigo | F20: 0 | G20: 0 | H20: =+F20+G20 -> 0 | J20: =IF(H20=0,"Abandono",IF(OR(H20>=61,I20=61),"Aprobado","Reprobado")) -> Abandono
C21: 9 | D21: =+'COA-301 T'!D21:E21 -> Lazarte Escobar Cristian Fernando | F21: 0 | G21: 0 | H21: =+F21+G21 -> 0 | J21: =IF(H21=0,"Abandono",IF(OR(H21>=61,I21=61),"Aprobado","Reprobado")) -> Abandono
C22: 10 | D22: =+'COA-301 T'!D22:E22 -> Manzano Huanca David Hernan | F22: 30 | G22: 70 | H22: =+F22+G22 -> 100 | J22: =IF(H22=0,"Abandono",IF(OR(H22>=61,I22=61),"Aprobado","Reprobado")) -> Aprobado
C23: 11 | D23: =+'COA-301 T'!D23:E23 -> Salinas Lopez Elvis Alex | F23: 30 | G23: 55 | H23: =+F23+G23 -> 85 | J23: =IF(H23=0,"Abandono",IF(OR(H23>=61,I23=61),"Aprobado","Reprobado")) -> Aprobado
C24: 12 | D24: =+'COA-301 T'!D24:E24 -> Tellez Ledo Axel Jairo | F24: 19 | G24: 35 | H24: =+F24+G24 -> 54 | I24: 61 | J24: =IF(H24=0,"Abandono",IF(OR(H24>=61,I24=61),"Aprobado","Reprobado")) -> Aprobado
G50: RESUMEN | I50: TOTAL | J50: PORCENTAJE
G51: Inscritos | I51: =COUNT(C13:C47) -> 12 | J51: 1
G52: Aprobados | I52: =COUNTIF(J13:K47,"Aprobado") -> 6 | J52: =(I52*J51)/I51 -> 0.5
G53: Reprobados | I53: =COUNTIF(J13:K47,"Reprobado") -> 0 | J53: =(I53*J51)/I51 -> 0
G54: Abandonos | I54: =COUNTIF(J13:J47,"Abandono") -> 6 | J54: =(I54*J51)/I51 -> 0.5
B61: Firma y Sello | F61: Sello de la | I61: Firma y Sello
B62: DIRECTOR ACADEMICO | F62: institución | I62: DOCENTE DE LA MATERIA

Sheet CEP-304 T
A4: INSTITUTO TECNICO DE EDUCACIÓN SUPERIOR "NOVELL"
D5: CARRERA: | E5: CONTADURÍA GENERAL
D6: MENCIÓN:
D7: ÁREA: | E7: COMERCIAL Y SERVICIOS
D8: MATERIA: | E8: =+'CEP.304'!E8:H8 -> CONTABILIDAD EXTRACTIVA (Minera, Petrolera y Forestal) | I8: SIGLA: | J8: =+'CEP.304'!J8:K8 -> CEP-304
D9: DOCENTE: | E9: LIC. WILSON PEÑAFIEL SEJAS
D10: AÑO/SEMESTRE: | E10: =+'COA-301'!E10:H10 -> TERCER AÑO | I10: GESTIÓN: | J10: =+'COA-301'!J10:K10 -> 2022
C12: Nro. | D12: Apellidos y Nombres | F12: Prom. Ev. Teórica | G12: Prom. Eval. Práctica | H12: Calificación Final | I12: Prueba de Recuper. | J12: Observación
C13: 1 | D13: =+'COA-301 T'!D13:E13 -> Choque Choque Eneida | F13: 0 | G13: 0 | H13: =+F13+G13 -> 0 | J13: =IF(H13=0,"Abandono",IF(OR(H13>=61,I13=61),"Aprobado","Reprobado")) -> Abandono
C14: 2 | D14: =+'COA-301 T'!D14:E14 -> Condori Felipez Nahely | F14: 0 | G14: 0 | H14: =+F14+G14 -> 0 | J14: =IF(H14=0,"Abandono",IF(OR(H14>=61,I14=61),"Aprobado","Reprobado")) -> Abandono
C15: 3 | D15: =+'COA-301 T'!D15:E15 -> Cusi Cruz Ramiro | F15: 0 | G15: 0 | H15: =+F15+G15 -> 0 | J15: =IF(H15=0,"Abandono",IF(OR(H15>=61,I15=61),"Aprobado","Reprobado")) -> Abandono
C16: 4 | D16: =+'COA-301 T'!D16:E16 -> Diaz Soruco Milenka Ingrid | F16: 27 | G16: 67 | H16: =+F16+G16 -> 94 | J16: =IF(H16=0,"Abandono",IF(OR(H16>=61,I16=61),"Aprobado","Reprobado")) -> Aprobado
C17: 5 | D17: =+'COA-301 T'!D17:E17 -> Fernandez Choque Karen Carolina | F17: 30 | G17: 62 | H17: =+F17+G17 -> 92 | J17: =IF(H17=0,"Abandono",IF(OR(H17>=61,I17=61),"Aprobado","Reprobado")) -> Aprobado
C18: 6 | D18: =+'COA-301 T'!D18:E18 -> Flores Condarco Eberth Luis | F18: 22 | G18: 43 | H18: =+F18+G18 -> 65 | J18: =IF(H18=0,"Abandono",IF(OR(H18>=61,I18=61),"Aprobado","Reprobado")) -> Aprobado
C19: 7 | D19: =+'COA-301 T'!D19:E19 -> Guarachi Bolivar Ariel Leonel | F19: 0 | G19: 0 | H19: =+F19+G19 -> 0 | J19: =IF(H19=0,"Abandono",IF(OR(H19>=61,I19=61),"Aprobado","Reprobado")) -> Abandono
C20: 8 | D20: =+'COA-301 T'!D20:E20 -> Guarachi Bolivar Omar Rodrigo | F20: 0 | G20: 0 | H20: =+F20+G20 -> 0 | J20: =IF(H20=0,"Abandono",IF(OR(H20>=61,I20=61),"Aprobado","Reprobado")) -> Abandono
C21: 9 | D21: =+'COA-301 T'!D21:E21 -> Lazarte Escobar Cristian Fernando | F21: 0 | G21: 0 | H21: =+F21+G21 -> 0 | J21: =IF(H21=0,"Abandono",IF(OR(H21>=61,I21=61),"Aprobado","Reprobado")) -> Abandono
C22: 10 | D22: =+'COA-301 T'!D22:E22 -> Manzano Huanca David Hernan | F22: 25 | G22: 59 | H22: =+F22+G22 -> 84 | J22: =IF(H22=0,"Abandono",IF(OR(H22>=61,I22=61),"Aprobado","Reprobado")) -> Aprobado
C23: 11 | D23: =+'COA-301 T'!D23:E23 -> Salinas Lopez Elvis Alex | F23: 30 | G23: 57 | H23: =+F23+G23 -> 87 | J23: =IF(H23=0,"Abandono",IF(OR(H23>=61,I23=61),"Aprobado","Reprobado")) -> Aprobado
C24: 12 | D24: =+'COA-301 T'!D24:E24 -> Tellez Ledo Axel Jairo | F24: 22 | G24: 51 | H24: =+F24+G24 -> 73 | J24: =IF(H24=0,"Abandono",IF(OR(H24>=61,I24=61),"Aprobado","Reprobado")) -> Aprobado
G50: RESUMEN | I50: TOTAL | J50: PORCENTAJE
G51: Inscritos | I51: =COUNT(C13:C47) -> 12 | J51: 1
G52: Aprobados | I52: =COUNTIF(J13:K47,"Aprobado") -> 6 | J52: =(I52*J51)/I51 -> 0.5
G53: Reprobados | I53: =COUNTIF(J13:K47,"Reprobado") -> 0 | J53: =(I53*J51)/I51 -> 0
G54: Abandonos | I54: =COUNTIF(J13:J47,"Abandono") -> 6 | J54: =(I54*J51)/I51 -> 0.5
B61: Firma y Sello | F61: Sello de la | I61: Firma y Sello
B62: DIRECTOR ACADEMICO | F62: institución | I62: DOCENTE DE LA MATERIA

Sheet CSH-305 T
A4: INSTITUTO TECNICO DE EDUCACIÓN SUPERIOR "NOVELL"
D5: CARRERA: | E5: CONTADURÍA GENERAL
D6: MENCIÓN:
D7: ÁREA: | E7: COMERCIAL Y SERVICIOS
D8: MATERIA: | E8: =+'CSH-305'!E8:H8 -> CONTABILIDAD DE SERVICIOS (Construcción, Hotelería y Transporte) | I8: SIGLA: | J8: =+'CSH-305'!J8:K8 -> CSH-305
D9: DOCENTE: | E9: LIC. DIVAR AURELIO CRUZ LOPEZ
D10: AÑO/SEMESTRE: | E10: =+'COA-301'!E10:H10 -> TERCER AÑO | I10: GESTIÓN: | J10: =+'COA-301'!J10:K10 -> 2022
C12: Nro. | D12: Apellidos y Nombres | F12: Prom. Ev. Teórica | G12: Prom. Eval. Práctica | H12: Calificación Final | I12: Prueba de Recuper. | J12: Observación
C13: 1 | D13: =+'COA-301 T'!D13:E13 -> Choque Choque Eneida | F13: 0 | G13: 0 | H13: =+F13+G13 -> 0 | J13: =IF(H13=0,"Abandono",IF(OR(H13>=61,I13=61),"Aprobado","Reprobado")) -> Abandono
C14: 2 | D14: =+'COA-301 T'!D14:E14 -> Condori Felipez Nahely | F14: 0 | G14: 0 | H14: =+F14+G14 -> 0 | J14: =IF(H14=0,"Abandono",IF(OR(H14>=61,I14=61),"Aprobado","Reprobado")) -> Abandono
C15: 3 | D15: =+'COA-301 T'!D15:E15 -> Cusi Cruz Ramiro | F15: 0 | G15: 0 | H15: =+F15+G15 -> 0 | J15: =IF(H15=0,"Abandono",IF(OR(H15>=61,I15=61),"Aprobado","Reprobado")) -> Abandono
C16: 4 | D16: =+'COA-301 T'!D16:E16 -> Diaz Soruco Milenka Ingrid | F16: 16 | G16: 65 | H16: =+F16+G16 -> 81 | J16: =IF(H16=0,"Abandono",IF(OR(H16>=61,I16=61),"Aprobado","Reprobado")) -> Aprobado
C17: 5 | D17: =+'COA-301 T'!D17:E17 -> Fernandez Choque Karen Carolina | F17: 30 | G17: 57 | H17: =+F17+G17 -> 87 | J17: =IF(H17=0,"Abandono",IF(OR(H17>=61,I17=61),"Aprobado","Reprobado")) -> Aprobado
C18: 6 | D18: =+'COA-301 T'!D18:E18 -> Flores Condarco Eberth Luis | F18: 21 | G18: 45 | H18: =+F18+G18 -> 66 | J18: =IF(H18=0,"Abandono",IF(OR(H18>=61,I18=61),"Aprobado","Reprobado")) -> Aprobado
C19: 7 | D19: =+'COA-301 T'!D19:E19 -> Guarachi Bolivar Ariel Leonel | F19: 0 | G19: 0 | H19: =+F19+G19 -> 0 | J19: =IF(H19=0,"Abandono",IF(OR(H19>=61,I19=61),"Aprobado","Reprobado")) -> Abandono
C20: 8 | D20: =+'COA-301 T'!D20:E20 -> Guarachi Bolivar Omar Rodrigo | F20: 0 | G20: 0 | H20: =+F20+G20 -> 0 | J20: =IF(H20=0,"Abandono",IF(OR(H20>=61,I20=61),"Aprobado","Reprobado")) -> Abandono
C21: 9 | D21: =+'COA-301 T'!D21:E21 -> Lazarte Escobar Cristian Fernando | F21: 0 | G21: 0 | H21: =+F21+G21 -> 0 | J21: =IF(H21=0,"Abandono",IF(OR(H21>=61,I21=61),"Aprobado","Reprobado")) -> Abandono
C22: 10 | D22: =+'COA-301 T'!D22:E22 -> Manzano Huanca David Hernan | F22: 22 | G22: 70 | H22: =+F22+G22 -> 92 | J22: =IF(H22=0,"Abandono",IF(OR(H22>=61,I22=61),"Aprobado","Reprobado")) -> Aprobado
C23: 11 | D23: =+'COA-301 T'!D23:E23 -> Salinas Lopez Elvis Alex | F23: 30 | G23: 51 | H23: =+F23+G23 -> 81 | J23: =IF(H23=0,"Abandono",IF(OR(H23>=61,I23=61),"Aprobado","Reprobado")) -> Aprobado
C24: 12 | D24: =+'COA-301 T'!D24:E24 -> Tellez Ledo Axel Jairo | F24: 10 | G24: 60 | H24: =+F24+G24 -> 70 | J24: =IF(H24=0,"Abandono",IF(OR(H24>=61,I24=61),"Aprobado","Reprobado")) -> Aprobado
G50: RESUMEN | I50: TOTAL | J50: PORCENTAJE
G51: Inscritos | I51: =COUNT(C13:C47) -> 12 | J51: 1
G52: Aprobados | I52: =COUNTIF(J13:K47,"Aprobado") -> 6 | J52: =(I52*J51)/I51 -> 0.5
G53: Reprobados | I53: =COUNTIF(J13:K47,"Reprobado") -> 0 | J53: =(I53*J51)/I51 -> 0
G54: Abandonos | I54: =COUNTIF(J13:J47,"Abandono") -> 6 | J54: =(I54*J51)/I51 -> 0.5
B61: Firma y Sello | F61: Sello de la | I61: Firma y Sello
B62: DIRECTOR ACADEMICO | F62: institución | I62: DOCENTE DE LA MATERIA

Sheet GCI-306 T
A4: INSTITUTO TECNICO DE EDUCACIÓN SUPERIOR "NOVELL"
D5: CARRERA: | E5: CONTADURÍA GENERAL
D6: MENCIÓN:
D7: ÁREA: | E7: COMERCIAL Y SERVICIOS
D8: MATERIA: | E8: =+'GCI-306'!E8:H8 -> GABINETE CONTABLE INFORMÁTICO | I8: SIGLA: | J8: =+'GCI-306'!J8:K8 -> GCI-306
D9: DOCENTE: | E9: LIC. MARIA ELENA MAMANI MACEDA
D10: AÑO/SEMESTRE: | E10: =+'COA-301'!E10:H10 -> TERCER AÑO | I10: GESTIÓN: | J10: =+'COA-301'!J10:K10 -> 2022
C12: Nro. | D12: Apellidos y Nombres | F12: Prom. Ev. Teórica | G12: Prom. Eval. Práctica | H12: Calificación Final | I12: Prueba de Recuper. | J12: Observación
C13: 1 | D13: =+'COA-301 T'!D13:E13 -> Choque Choque Eneida | F13: 0 | G13: 0 | H13: =+F13+G13 -> 0 | J13: =IF(H13=0,"Abandono",IF(OR(H13>=61,I13=61),"Aprobado","Reprobado")) -> Abandono
C14: 2 | D14: =+'COA-301 T'!D14:E14 -> Condori Felipez Nahely | F14: 0 | G14: 0 | H14: =+F14+G14 -> 0 | J14: =IF(H14=0,"Abandono",IF(OR(H14>=61,I14=61),"Aprobado","Reprobado")) -> Abandono
C15: 3 | D15: =+'COA-301 T'!D15:E15 -> Cusi Cruz Ramiro | F15: 0 | G15: 0 | H15: =+F15+G15 -> 0 | J15: =IF(H15=0,"Abandono",IF(OR(H15>=61,I15=61),"Aprobado","Reprobado")) -> Abandono
C16: 4 | D16: =+'COA-301 T'!D16:E16 -> Diaz Soruco Milenka Ingrid | F16: 30 | G16: 54 | H16: =+F16+G16 -> 84 | J16: =IF(H16=0,"Abandono",IF(OR(H16>=61,I16=61),"Aprobado","Reprobado")) -> Aprobado
C17: 5 | D17: =+'COA-301 T'!D17:E17 -> Fernandez Choque Karen Carolina | F17: 30 | G17: 63 | H17: =+F17+G17 -> 93 | J17: =IF(H17=0,"Abandono",IF(OR(H17>=61,I17=61),"Aprobado","Reprobado")) -> Aprobado
C18: 6 | D18: =+'COA-301 T'!D18:E18 -> Flores Condarco Eberth Luis | F18: 25 | G18: 41 | H18: =+F18+G18 -> 66 | J18: =IF(H18=0,"Abandono",IF(OR(H18>=61,I18=61),"Aprobado","Reprobado")) -> Aprobado
C19: 7 | D19: =+'COA-301 T'!D19:E19 -> Guarachi Bolivar Ariel Leonel | F19: 0 | G19: 0 | H19: =+F19+G19 -> 0 | J19: =IF(H19=0,"Abandono",IF(OR(H19>=61,I19=61),"Aprobado","Reprobado")) -> Abandono
C20: 8 | D20: =+'COA-301 T'!D20:E20 -> Guarachi Bolivar Omar Rodrigo | F20: 0 | G20: 0 | H20: =+F20+G20 -> 0 | J20: =IF(H20=0,"Abandono",IF(OR(H20>=61,I20=61),"Aprobado","Reprobado")) -> Abandono
C21: 9 | D21: =+'COA-301 T'!D21:E21 -> Lazarte Escobar Cristian Fernando | F21: 0 | G21: 0 | H21: =+F21+G21 -> 0 | J21: =IF(H21=0,"Abandono",IF(OR(H21>=61,I21=61),"Aprobado","Reprobado")) -> Abandono
C22: 10 | D22: =+'COA-301 T'!D22:E22 -> Manzano Huanca David Hernan | F22: 30 | G22: 70 | H22: =+F22+G22 -> 100 | J22: =IF(H22=0,"Abandono",IF(OR(H22>=61,I22=61),"Aprobado","Reprobado")) -> Aprobado
C23: 11 | D23: =+'COA-301 T'!D23:E23 -> Salinas Lopez Elvis Alex | F23: 30 | G23: 58 | H23: =+F23+G23 -> 88 | J23: =IF(H23=0,"Abandono",IF(OR(H23>=61,I23=61),"Aprobado","Reprobado")) -> Aprobado
C24: 12 | D24: =+'COA-301 T'!D24:E24 -> Tellez Ledo Axel Jairo | F24: 20 | G24: 46 | H24: =+F24+G24 -> 66 | J24: =IF(H24=0,"Abandono",IF(OR(H24>=61,I24=61),"Aprobado","Reprobado")) -> Aprobado
G50: RESUMEN | I50: TOTAL | J50: PORCENTAJE
G51: Inscritos | I51: =COUNT(C13:C47) -> 12 | J51: 1
G52: Aprobados | I52: =COUNTIF(J13:K47,"Aprobado") -> 6 | J52: =(I52*J51)/I51 -> 0.5
G53: Reprobados | I53: =COUNTIF(J13:K47,"Reprobado") -> 0 | J53: =(I53*J51)/I51 -> 0
G54: Abandonos | I54: =COUNTIF(J13:J47,"Abandono") -> 6 | J54: =(I54*J51)/I51 -> 0.5
B61: Firma y Sello | F61: Sello de la | I61: Firma y Sello
B62: DIRECTOR ACADEMICO | F62: institución | I62: DOCENTE DE LA MATERIA

Sheet AEF-307 T
A4: INSTITUTO TECNICO DE EDUCACIÓN SUPERIOR "NOVELL"
D5: CARRERA: | E5: CONTADURÍA GENERAL
D6: MENCIÓN:
D7: ÁREA: | E7: COMERCIAL Y SERVICIOS
D8: MATERIA: | E8: =+'AEF-307'!E8:H8 -> ANÁLISIS E INTERPRETACIONES DE ESTADOS FINANCIEROS | I8: SIGLA: | J8: =+'AEF-307'!J8:K8 -> AEF-307
D9: DOCENTE: | E9: LIC. MARIA ELENA MAMANI MACEDA
D10: AÑO/SEMESTRE: | E10: =+'COA-301'!E10:H10 -> TERCER AÑO | I10: GESTIÓN: | J10: =+'COA-301'!J10:K10 -> 2022
C12: Nro. | D12: Apellidos y Nombres | F12: Prom. Ev. Teórica | G12: Prom. Eval. Práctica | H12: Calificación Final | I12: Prueba de Recuper. | J12: Observación
C13: 1 | D13: =+'COA-301 T'!D13:E13 -> Choque Choque Eneida | F13: 0 | G13: 0 | H13: =+F13+G13 -> 0 | J13: =IF(H13=0,"Abandono",IF(OR(H13>=61,I13=61),"Aprobado","Reprobado")) -> Abandono
C14: 2 | D14: =+'COA-301 T'!D14:E14 -> Condori Felipez Nahely | F14: 0 | G14: 0 | H14: =+F14+G14 -> 0 | J14: =IF(H14=0,"Abandono",IF(OR(H14>=61,I14=61),"Aprobado","Reprobado")) -> Abandono
C15: 3 | D15: =+'COA-301 T'!D15:E15 -> Cusi Cruz Ramiro | F15: 0 | G15: 0 | H15: =+F15+G15 -> 0 | J15: =IF(H15=0,"Abandono",IF(OR(H15>=61,I15=61),"Aprobado","Reprobado")) -> Abandono
C16: 4 | D16: =+'COA-301 T'!D16:E16 -> Diaz Soruco Milenka Ingrid | F16: 23 | G16: 57 | H16: =+F16+G16 -> 80 | J16: =IF(H16=0,"Abandono",IF(OR(H16>=61,I16=61),"Aprobado","Reprobado")) -> Aprobado
C17: 5 | D17: =+'COA-301 T'!D17:E17 -> Fernandez Choque Karen Carolina | F17: 30 | G17: 60 | H17: =+F17+G17 -> 90 | J17: =IF(H17=0,"Abandono",IF(OR(H17>=61,I17=61),"Aprobado","Reprobado")) -> Aprobado
C18: 6 | D18: =+'COA-301 T'!D18:E18 -> Flores Condarco Eberth Luis | F18: 21 | G18: 40 | H18: =+F18+G18 -> 61 | J18: =IF(H18=0,"Abandono",IF(OR(H18>=61,I18=61),"Aprobado","Reprobado")) -> Aprobado
C19: 7 | D19: =+'COA-301 T'!D19:E19 -> Guarachi Bolivar Ariel Leonel | F19: 0 | G19: 0 | H19: =+F19+G19 -> 0 | J19: =IF(H19=0,"Abandono",IF(OR(H19>=61,I19=61),"Aprobado","Reprobado")) -> Abandono
C20: 8 | D20: =+'COA-301 T'!D20:E20 -> Guarachi Bolivar Omar Rodrigo | F20: 0 | G20: 0 | H20: =+F20+G20 -> 0 | J20: =IF(H20=0,"Abandono",IF(OR(H20>=61,I20=61),"Aprobado","Reprobado")) -> Abandono
C21: 9 | D21: =+'COA-301 T'!D21:E21 -> Lazarte Escobar Cristian Fernando | F21: 0 | G21: 0 | H21: =+F21+G21 -> 0 | J21: =IF(H21=0,"Abandono",IF(OR(H21>=61,I21=61),"Aprobado","Reprobado")) -> Abandono
C22: 10 | D22: =+'COA-301 T'!D22:E22 -> Manzano Huanca David Hernan | F22: 30 | G22: 63 | H22: =+F22+G22 -> 93 | J22: =IF(H22=0,"Abandono",IF(OR(H22>=61,I22=61),"Aprobado","Reprobado")) -> Aprobado
C23: 11 | D23: =+'COA-301 T'!D23:E23 -> Salinas Lopez Elvis Alex | F23: 30 | G23: 55 | H23: =+F23+G23 -> 85 | J23: =IF(H23=0,"Abandono",IF(OR(H23>=61,I23=61),"Aprobado","Reprobado")) -> Aprobado
C24: 12 | D24: =+'COA-301 T'!D24:E24 -> Tellez Ledo Axel Jairo | F24: 15 | G24: 30 | H24: =+F24+G24 -> 45 | I24: 61 | J24: =IF(H24=0,"Abandono",IF(OR(H24>=61,I24=61),"Aprobado","Reprobado")) -> Aprobado
G50: RESUMEN | I50: TOTAL | J50: PORCENTAJE
G51: Inscritos | I51: =COUNT(C13:C47) -> 12 | J51: 1
G52: Aprobados | I52: =COUNTIF(J13:K47,"Aprobado") -> 6 | J52: =(I52*J51)/I51 -> 0.5
G53: Reprobados | I53: =COUNTIF(J13:K47,"Reprobado") -> 0 | J53: =(I53*J51)/I51 -> 0
G54: Abandonos | I54: =COUNTIF(J13:J47,"Abandono") -> 6 | J54: =(I54*J51)/I51 -> 0.5
B61: Firma y Sello | F61: Sello de la | I61: Firma y Sello
B62: DIRECTOR ACADEMICO | F62: institución | I62: DOCENTE DE LA MATERIA

Sheet TMG-308 T
A4: INSTITUTO TECNICO DE EDUCACIÓN SUPERIOR "NOVELL"
D5: CARRERA: | E5: CONTADURÍA GENERAL
D6: MENCIÓN:
D7: ÁREA: | E7: COMERCIAL Y SERVICIOS
D8: MATERIA: | E8: =+'TMG-308'!E8:H8 -> TALLER DE MODALIDAD DE GRADUACIÓN | I8: SIGLA: | J8: =+'TMG-308'!J8:K8 -> TMG-308
D9: DOCENTE: | E9: LIC. DIVAR AURELIO CRUZ LOPEZ
D10: AÑO/SEMESTRE: | E10: =+'COA-301'!E10:H10 -> TERCER AÑO | I10: GESTIÓN: | J10: =+'COA-301'!J10:K10 -> 2022
C12: Nro. | D12: Apellidos y Nombres | F12: Prom. Ev. Teórica | G12: Prom. Eval. Práctica | H12: Calificación Final | I12: Prueba de Recuper. | J12: Observación
C13: 1 | D13: =+'COA-301 T'!D13:E13 -> Choque Choque Eneida | F13: 0 | G13: 0 | H13: =+F13+G13 -> 0 | J13: =IF(H13=0,"Abandono",IF(OR(H13>=61,I13=61),"Aprobado","Reprobado")) -> Abandono
C14: 2 | D14: =+'COA-301 T'!D14:E14 -> Condori Felipez Nahely | F14: 0 | G14: 0 | H14: =+F14+G14 -> 0 | J14: =IF(H14=0,"Abandono",IF(OR(H14>=61,I14=61),"Aprobado","Reprobado")) -> Abandono
C15: 3 | D15: =+'COA-301 T'!D15:E15 -> Cusi Cruz Ramiro | F15: 0 | G15: 0 | H15: =+F15+G15 -> 0 | J15: =IF(H15=0,"Abandono",IF(OR(H15>=61,I15=61),"Aprobado","Reprobado")) -> Abandono
C16: 4 | D16: =+'COA-301 T'!D16:E16 -> Diaz Soruco Milenka Ingrid | F16: 16 | G16: 68 | H16: =+F16+G16 -> 84 | J16: =IF(H16=0,"Abandono",IF(OR(H16>=61,I16=61),"Aprobado","Reprobado")) -> Aprobado
C17: 5 | D17: =+'COA-301 T'!D17:E17 -> Fernandez Choque Karen Carolina | F17: 30 | G17: 62 | H17: =+F17+G17 -> 92 | J17: =IF(H17=0,"Abandono",IF(OR(H17>=61,I17=61),"Aprobado","Reprobado")) -> Aprobado
C18: 6 | D18: =+'COA-301 T'!D18:E18 -> Flores Condarco Eberth Luis | F18: 22 | G18: 43 | H18: =+F18+G18 -> 65 | J18: =IF(H18=0,"Abandono",IF(OR(H18>=61,I18=61),"Aprobado","Reprobado")) -> Aprobado
C19: 7 | D19: =+'COA-301 T'!D19:E19 -> Guarachi Bolivar Ariel Leonel | F19: 0 | G19: 0 | H19: =+F19+G19 -> 0 | J19: =IF(H19=0,"Abandono",IF(OR(H19>=61,I19=61),"Aprobado","Reprobado")) -> Abandono
C20: 8 | D20: =+'COA-301 T'!D20:E20 -> Guarachi Bolivar Omar Rodrigo | F20: 0 | G20: 0 | H20: =+F20+G20 -> 0 | J20: =IF(H20=0,"Abandono",IF(OR(H20>=61,I20=61),"Aprobado","Reprobado")) -> Abandono
C21: 9 | D21: =+'COA-301 T'!D21:E21 -> Lazarte Escobar Cristian Fernando | F21: 0 | G21: 0 | H21: =+F21+G21 -> 0 | J21: =IF(H21=0,"Abandono",IF(OR(H21>=61,I21=61),"Aprobado","Reprobado")) -> Abandono
C22: 10 | D22: =+'COA-301 T'!D22:E22 -> Manzano Huanca David Hernan | F22: 28 | G22: 70 | H22: =+F22+G22 -> 98 | J22: =IF(H22=0,"Abandono",IF(OR(H22>=61,I22=61),"Aprobado","Reprobado")) -> Aprobado
C23: 11 | D23: =+'COA-301 T'!D23:E23 -> Salinas Lopez Elvis Alex | F23: 30 | G23: 53 | H23: =+F23+G23 -> 83 | J23: =IF(H23=0,"Abandono",IF(OR(H23>=61,I23=61),"Aprobado","Reprobado")) -> Aprobado
C24: 12 | D24: =+'COA-301 T'!D24:E24 -> Tellez Ledo Axel Jairo | F24: 5 | G24: 63 | H24: =+F24+G24 -> 68 | J24: =IF(H24=0,"Abandono",IF(OR(H24>=61,I24=61),"Aprobado","Reprobado")) -> Aprobado
G50: RESUMEN | I50: TOTAL | J50: PORCENTAJE
G51: Inscritos | I51: =COUNT(C13:C47) -> 12 | J51: 1
G52: Aprobados | I52: =COUNTIF(J13:K47,"Aprobado") -> 6 | J52: =(I52*J51)/I51 -> 0.5
G53: Reprobados | I53: =COUNTIF(J13:K47,"Reprobado") -> 0 | J53: =(I53*J51)/I51 -> 0
G54: Abandonos | I54: =COUNTIF(J13:J47,"Abandono") -> 6 | J54: =(I54*J51)/I51 -> 0.5
B61: Firma y Sello | F61: Sello de la | I61: Firma y Sello
B62: DIRECTOR ACADEMICO | F62: institución | I62: DOCENTE DE LA MATERIA

Sheet Centralizador 3er año Noche
F3: CENTRALIZADOR DE CALIFICACIONES
S5: TURNO: | U5: NOCHE
C6: INSTITUCIÓN: | E6: INSTITUTO TECNICO DE EDUCACIÓN SUPERIOR "NOVELL" | Q6: R.M. | R6: 0906/02 | S6: CARÁCTER: | U6: PRIVADO
C7: GESTIÓN ACADÉMICA: | E7: 2022 | F7: CÉDULA DE IDENTIDAD | G7: COA-301 | H7: COC-302 | I7: COG-303 | J7: CEP-304 | K7: CSH-305 | L7: GCI-306 | M7: AEF-307 | N7: TMG-308 | V7: OBSERVACIONES
G8: CONTABILIDAD AGROPECUARIA | H8: CONTABILIDAD DE COSTOS II | I8: CONTABILIDAD GUBERNAMENTAL | J8: CONTABILIDAD EXTRACTIVA (MINERA, PETROLERA Y FORESTAL) | K8: CONTABILIDAD DE SERVICIOS (CONSTRUCCIÓN, HOTELERÍA Y TRANSPORTE) | L8: GABINETA CONTABLE INFORMÁTICO | M8: ANÁLISIS E INTERPRETACIONES DE ESTADOS FINANCIEROS | N8: TALLER DE MODALIDAD DE GRADUACIÓN
C9: NIVEL: | E9: TECNICO SUPERIOR
C10: CARRERA: | E10: CONTADURIA GENERAL
C11: RÉGIMEN: | E11: ANUAL
C12: CURSO: | E12: TERCER AÑO - B
C13: N° | D13: NÓMINA ESTUDIANTES
C14: 1 | D14: =+'COA-301 N'!D13:E13 -> Atocha Mamani Ruben | F14: 5760949 Or. | G14: =+'COA-301 N'!H13 -> 70 | H14: =+'COC-302 N'!H13 -> 84 | I14: =+'COG-303 N'!H13 -> 64 | J14: =+'CEP-304 N'!H13 -> 88 | K14: =+'CSH-305 N'!H13 -> 68 | L14: 61 | M14: =+'AEF-307 N'!H13 -> 70 | N14: =+'TMG-308 N'!H13 -> 66 | V14: =IF(M14=0,"Abandono",IF(AVERAGE(G14:M14)>=61,"Aprobado","Reprobado")) -> Aprobado
C15: 2 | D15: =+'COA-301 N'!D14:E14 -> Bautista Yucra Judith | F15: 12869116 Or. | G15: =+'COA-301 N'!H14 -> 70 | H15: =+'COC-302 N'!H14 -> 92 | I15: =+'COG-303 N'!H14 -> 76 | J15: =+'CEP-304 N'!H14 -> 89 | K15: =+'CSH-305 N'!H14 -> 73 | L15: =+'GCI-306 N'!H14 -> 64 | M15: =+'AEF-307 N'!H14 -> 74 | N15: =+'TMG-308 N'!H14 -> 86 | V15: =IF(M15=0,"Abandono",IF(AVERAGE(G15:M15)>=61,"Aprobado","Reprobado")) -> Aprobado
C16: 3 | D16: =+'COA-301 N'!D15:E15 -> Bejarano Loras Douglas | F16: 4326032 Lp. | G16: =+'COA-301 N'!H15 -> 62 | H16: =+'COC-302 N'!H15 -> 63 | I16: =+'COG-303 N'!H15 -> 62 | J16: =+'CEP-304 N'!H15 -> 64 | K16: =+'CSH-305 N'!H15 -> 65 | L16: =+'GCI-306 N'!H15 -> 64 | M16: =+'AEF-307 N'!H15 -> 63 | N16: 61 | V16: =IF(M16=0,"Abandono",IF(AVERAGE(G16:M16)>=61,"Aprobado","Reprobado")) -> Aprobado
C17: 4 | D17: =+'COA-301 N'!D16:E16 -> Choque Paillo Jaime | F17: 7394993 | G17: =+'COA-301 N'!H16 -> 88 | H17: =+'COC-302 N'!H16 -> 92 | I17: =+'COG-303 N'!H16 -> 79 | J17: =+'CEP-304 N'!H16 -> 95 | K17: =+'CSH-305 N'!H16 -> 83 | L17: =+'GCI-306 N'!H16 -> 87 | M17: =+'AEF-307 N'!H16 -> 75 | N17: =+'TMG-308 N'!H16 -> 88 | V17: =IF(M17=0,"Abandono",IF(AVERAGE(G17:M17)>=61,"Aprobado","Reprobado")) -> Aprobado
C18: 5 | D18: =+'COA-301 N'!D17:E17 -> Coaquira Coaquira Monica | F18: 7365248 Or. | G18: =+'COA-301 N'!H17 -> 0 | H18: =+'COC-302 N'!H17 -> 0 | I18: =+'COG-303 N'!H17 -> 0 | J18: =+'CEP-304 N'!H17 -> 0 | K18: =+'CSH-305 N'!H17 -> 0 | L18: =+'GCI-306 N'!H17 -> 0 | M18: =+'AEF-307 N'!H17 -> 0 | N18: =+'TMG-308 N'!H17 -> 0 | V18: =IF(M18=0,"Abandono",IF(AVERAGE(G18:M18)>=61,"Aprobado","Reprobado")) -> Abandono
C19: 6 | D19: =+'COA-301 N'!D18:E18 -> Colque Ayala Carla Lorena | F19: 7361623 | G19: 61 | H19: =+'COC-302 N'!H18 -> 72 | I19: =+'COG-303 N'!H18 -> 64 | J19: =+'CEP-304 N'!H18 -> 71 | K19: =+'CSH-305 N'!H18 -> 71 | L19: =+'GCI-306 N'!H18 -> 70 | M19: 61 | N19: =+'TMG-308 N'!H18 -> 70 | V19: =IF(M19=0,"Abandono",IF(AVERAGE(G19:M19)>=61,"Aprobado","Reprobado")) -> Aprobado
C20: 7 | D20: =+'COA-301 N'!D19:E19 -> Condori Titichoca Dieter Jherson | F20: 7310141 Or. | G20: =+'COA-301 N'!H19 -> 0 | H20: =+'COC-302 N'!H19 -> 0 | I20: =+'COG-303 N'!H19 -> 0 | J20: =+'CEP-304 N'!H19 -> 0 | K20: =+'CSH-305 N'!H19 -> 0 | L20: =+'GCI-306 N'!H19 -> 0 | M20: =+'AEF-307 N'!H19 -> 0 | N20: =+'TMG-308 N'!H19 -> 0 | V20: =IF(M20=0,"Abandono",IF(AVERAGE(G20:M20)>=61,"Aprobado","Reprobado")) -> Abandono
C21: 8 | D21: =+'COA-301 N'!D20:E20 -> Del Carpio Lora Marisela | F21: 3555492 Or. | G21: =+'COA-301 N'!H20 -> 0 | H21: =+'COC-302 N'!H20 -> 0 | I21: =+'COG-303 N'!H20 -> 0 | J21: =+'CEP-304 N'!H20 -> 0 | K21: =+'CSH-305 N'!H20 -> 0 | L21: =+'GCI-306 N'!H20 -> 0 | M21: =+'AEF-307 N'!H20 -> 0 | N21: =+'TMG-308 N'!H20 -> 0 | V21: =IF(M21=0,"Abandono",IF(AVERAGE(G21:M21)>=61,"Aprobado","Reprobado")) -> Abandono
C22: 9 | D22: =+'COA-301 N'!D21:E21 -> Felipez Veliz Ronald | F22: 5755908 Or. | G22: =+'COA-301 N'!H21 -> 62 | H22: =+'COC-302 N'!H21 -> 65 | I22: =+'COG-303 N'!H21 -> 85 | J22: =+'CEP-304 N'!H21 -> 63 | K22: =+'CSH-305 N'!H21 -> 64 | L22: =+'GCI-306 N'!H21 -> 87 | M22: 61 | N22: =+'TMG-308 N'!H21 -> 63 | V22: =IF(M22=0,"Abandono",IF(AVERAGE(G22:M22)>=61,"Aprobado","Reprobado")) -> Aprobado
C23: 10 | D23: =+'COA-301 N'!D22:E22 -> Fulguera Callata Jonathan | F23: 7321466 | G23: =+'COA-301 N'!H22 -> 90 | H23: =+'COC-302 N'!H22 -> 88 | I23: =+'COG-303 N'!H22 -> 71 | J23: =+'CEP-304 N'!H22 -> 85 | K23: =+'CSH-305 N'!H22 -> 74 | L23: =+'GCI-306 N'!H22 -> 61 | M23: =+'AEF-307 N'!H22 -> 90 | N23: =+'TMG-308 N'!H22 -> 82 | V23: =IF(M23=0,"Abandono",IF(AVERAGE(G23:M23)>=61,"Aprobado","Reprobado")) -> Aprobado
C24: 11 | D24: =+'COA-301 N'!D23:E23 -> Huarayo Cunurana Maribel | F24: 7286269 | G24: =+'COA-301 N'!H23 -> 66 | H24: =+'COC-302 N'!H23 -> 81 | I24: =+'COG-303 N'!H23 -> 65 | J24: =+'CEP-304 N'!H23 -> 81 | K24: =+'CSH-305 N'!H23 -> 64 | L24: =+'GCI-306 N'!H23 -> 73 | M24: =+'AEF-307 N'!H23 -> 65 | N24: =+'TMG-308 N'!H23 -> 69 | V24: =IF(M24=0,"Abandono",IF(AVERAGE(G24:M24)>=61,"Aprobado","Reprobado")) -> Aprobado
C25: 12 | D25: =+'COA-301 N'!D24:E24 -> Jamillo Cruz Jenny Laura | F25: 5766176 Or. | G25: =+'COA-301 N'!H24 -> 0 | H25: =+'COC-302 N'!H24 -> 0 | I25: =+'COG-303 N'!H24 -> 0 | J25: =+'CEP-304 N'!H24 -> 0 | K25: =+'CSH-305 N'!H24 -> 0 | L25: =+'GCI-306 N'!H24 -> 0 | M25: =+'AEF-307 N'!H24 -> 0 | N25: =+'TMG-308 N'!H24 -> 0 | V25: =IF(M25=0,"Abandono",IF(AVERAGE(G25:M25)>=61,"Aprobado","Reprobado")) -> Abandono
C26: 13 | D26: =+'COA-301 N'!D25:E25 -> Loaiza Lopez Jaime | F26: 3518645 Or. | G26: =+'COA-301 N'!H25 -> 0 | H26: =+'COC-302 N'!H25 -> 0 | I26: =+'COG-303 N'!H25 -> 0 | J26: =+'CEP-304 N'!H25 -> 0 | K26: =+'CSH-305 N'!H25 -> 0 | L26: =+'GCI-306 N'!H25 -> 0 | M26: =+'AEF-307 N'!H25 -> 0 | N26: =+'TMG-308 N'!H25 -> 0 | V26: =IF(M26=0,"Abandono",IF(AVERAGE(G26:M26)>=61,"Aprobado","Reprobado")) -> Abandono
C27: 14 | D27: =+'COA-301 N'!D26:E26 -> Lopez Sausiri Luis Alberto | F27: 7407042 | G27: =+'COA-301 N'!H26 -> 70 | H27: =+'COC-302 N'!H26 -> 91 | I27: =+'COG-303 N'!H26 -> 72 | J27: =+'CEP-304 N'!H26 -> 89 | K27: =+'CSH-305 N'!H26 -> 73 | L27: =+'GCI-306 N'!H26 -> 73 | M27: =+'AEF-307 N'!H26 -> 75 | N27: =+'TMG-308 N'!H26 -> 81 | V27: =IF(M27=0,"Abandono",IF(AVERAGE(G27:M27)>=61,"Aprobado","Reprobado")) -> Aprobado
C28: 15 | D28: =+'COA-301 N'!D27:E27 -> Martinez Mamani Gladis | F28: 7283539 Or. | G28: =+'COA-301 N'!H27 -> 0 | H28: =+'COC-302 N'!H27 -> 0 | I28: =+'COG-303 N'!H27 -> 0 | J28: =+'CEP-304 N'!H27 -> 0 | K28: =+'CSH-305 N'!H27 -> 0 | L28: =+'GCI-306 N'!H27 -> 0 | M28: =+'AEF-307 N'!H27 -> 0 | N28: =+'TMG-308 N'!H27 -> 0 | V28: =IF(M28=0,"Abandono",IF(AVERAGE(G28:M28)>=61,"Aprobado","Reprobado")) -> Abandono
C29: 16 | D29: =+'COA-301 N'!D28:E28 -> Poma Condori Juan Luis | F29: 7367456 Or. | G29: =+'COA-301 N'!H28 -> 63 | H29: =+'COC-302 N'!H28 -> 62 | I29: =+'COG-303 N'!H28 -> 61 | J29: =+'CEP-304 N'!H28 -> 62 | K29: =+'CSH-305 N'!H28 -> 62 | L29: =+'GCI-306 N'!H28 -> 61 | M29: 61 | N29: 61 | V29: =IF(M29=0,"Abandono",IF(AVERAGE(G29:M29)>=61,"Aprobado","Reprobado")) -> Aprobado
C30: 17 | D30: =+'COA-301 N'!D29:E29 -> Puma Choque Veronica | F30: 6681272-1D Pt. | G30: =+'COA-301 N'!H29 -> 61 | H30: =+'COC-302 N'!H29 -> 90 | I30: =+'COG-303 N'!H29 -> 81 | J30: =+'CEP-304 N'!H29 -> 85 | K30: =+'CSH-305 N'!H29 -> 89 | L30: =+'GCI-306 N'!H29 -> 88 | M30: =+'AEF-307 N'!H29 -> 62 | N30: =+'TMG-308 N'!H29 -> 89 | V30: =IF(M30=0,"Abandono",IF(AVERAGE(G30:M30)>=61,"Aprobado","Reprobado")) -> Aprobado
C31: 18 | D31: =+'COA-301 N'!D30:E30 -> Quinta Quisbert Melinda Cecilia | F31: 7353580 | G31: =+'COA-301 N'!H30 -> 70 | H31: =+'COC-302 N'!H30 -> 65 | I31: 61 | J31: =+'CEP-304 N'!H30 -> 62 | K31: =+'CSH-305 N'!H30 -> 85 | L31: 61 | M31: =+'AEF-307 N'!H30 -> 80 | N31: =+'TMG-308 N'!H30 -> 82 | V31: =IF(M31=0,"Abandono",IF(AVERAGE(G31:M31)>=61,"Aprobado","Reprobado")) -> Aprobado
C32: 19 | D32: =+'COA-301 N'!D31:E31 -> Quiñones Rueda Israel | F32: 7298729 | G32: =+'COA-301 N'!H31 -> 61 | H32: =+'COC-302 N'!H31 -> 70 | I32: =+'COG-303 N'!H31 -> 85 | J32: =+'CEP-304 N'!H31 -> 79 | K32: =+'CSH-305 N'!H31 -> 80 | L32: =+'GCI-306 N'!H31 -> 88 | M32: =+'AEF-307 N'!H31 -> 71 | N32: =+'TMG-308 N'!H31 -> 70 | V32: =IF(M32=0,"Abandono",IF(AVERAGE(G32:M32)>=61,"Aprobado","Reprobado")) -> Aprobado
C33: 20 | D33: =+'COA-301 N'!D32:E32 -> Quispe Quispe Jorge Luis | F33: 9920581 Lp. | G33: =+'COA-301 N'!H32 -> 66 | H33: =+'COC-302 N'!H32 -> 85 | I33: =+'COG-303 N'!H32 -> 68 | J33: =+'CEP-304 N'!H32 -> 83 | K33: =+'CSH-305 N'!H32 -> 82 | L33: =+'GCI-306 N'!H32 -> 74 | M33: =+'AEF-307 N'!H32 -> 65 | N33: =+'TMG-308 N'!H32 -> 79 | V33: =IF(M33=0,"Abandono",IF(AVERAGE(G33:M33)>=61,"Aprobado","Reprobado")) -> Aprobado
C34: 21 | D34: =+'COA-301 N'!D33:E33 -> Riva Loroño Jhoana Celina | F34: 7413345 | G34: =+'COA-301 N'!H33 -> 61 | H34: =+'COC-302 N'!H33 -> 73 | I34: 61 | J34: =+'CEP-304 N'!H33 -> 84 | K34: =+'CSH-305 N'!H33 -> 70 | L34: =+'GCI-306 N'!H33 -> 70 | M34: 61 | N34: =+'TMG-308 N'!H33 -> 76 | V34: =IF(M34=0,"Abandono",IF(AVERAGE(G34:M34)>=61,"Aprobado","Reprobado")) -> Aprobado
C35: 22 | D35: =+'COA-301 N'!D34:E34 -> Romero Rodriguez Victor Hugo | F35: 3514038 Or. | G35: =+'COA-301 N'!H34 -> 63 | H35: =+'COC-302 N'!H34 -> 61 | I35: =+'COG-303 N'!H34 -> 61 | J35: =+'CEP-304 N'!H34 -> 64 | K35: =+'CSH-305 N'!H34 -> 61 | L35: =+'GCI-306 N'!H34 -> 64 | M35: 61 | N35: 61 | V35: =IF(M35=0,"Abandono",IF(AVERAGE(G35:M35)>=61,"Aprobado","Reprobado")) -> Aprobado
C36: 23 | D36: =+'COA-301 N'!D35:E35 -> Santos Tola Carla Alejandra | F36: 7354154 Or. | G36: =+'COA-301 N'!H35 -> 62 | H36: =+'COC-302 N'!H35 -> 61 | I36: =+'COG-303 N'!H35 -> 63 | J36: =+'CEP-304 N'!H35 -> 63 | K36: =+'CSH-305 N'!H35 -> 63 | L36: =+'GCI-306 N'!H35 -> 63 | M36: 61 | N36: 61 | V36: =IF(M36=0,"Abandono",IF(AVERAGE(G36:M36)>=61,"Aprobado","Reprobado")) -> Aprobado
C37: 24 | D37: =+'COA-301 N'!D36:E36 -> Tito Yucra Leiddy Olimpia | F37: 7363817 Or. | G37: =+'COA-301 N'!H36 -> 85 | H37: =+'COC-302 N'!H36 -> 92 | I37: =+'COG-303 N'!H36 -> 76 | J37: =+'CEP-304 N'!H36 -> 95 | K37: =+'CSH-305 N'!H36 -> 79 | L37: =+'GCI-306 N'!H36 -> 86 | M37: =+'AEF-307 N'!H36 -> 90 | N37: =+'TMG-308 N'!H36 -> 85 | V37: =IF(M37=0,"Abandono",IF(AVERAGE(G37:M37)>=61,"Aprobado","Reprobado")) -> Aprobado
C38: 25 | D38: =+'COA-301 N'!D37:E37 -> Virreira Cano Nhataly Alizon | F38: 12772929 Or. | G38: =+'COA-301 N'!H37 -> 90 | H38: =+'COC-302 N'!H37 -> 70 | I38: =+'COG-303 N'!H37 -> 68 | J38: =+'CEP-304 N'!H37 -> 77 | K38: =+'CSH-305 N'!H37 -> 67 | L38: 61 | M38: =+'AEF-307 N'!H37 -> 92 | N38: =+'TMG-308 N'!H37 -> 62 | V38: =IF(M38=0,"Abandono",IF(AVERAGE(G38:M38)>=61,"Aprobado","Reprobado")) -> Aprobado
C44: *En observaciones tomar en cuenta: Aprobado, Reprobado y Abandono
E48: Firma y Sello | H48: Sello de la | L48: Firma y Sello
E49: DIRECTOR ACADEMICO | H49: institución | L49: Vo.Bo. RECTOR
O50: ELABORADO POR:
O51: NOMBRE: | Q51: T.S. DAYANA VIRREIRA CANO
O52: CARGO: | Q52: SECRETARIA EJECUTIVA
D53: DETALLE | G53: CANTIDAD | H53: PORCENT. | O53: FIRMA:
D54: ESTUDIANTES INSCRITOS | G54: =COUNT(C14:C41) -> 25 | H54: 1 | O54: FECHA: | Q54: ORURO, 25 DE NOVIEMBRE DE 2022
D55: ESTUDIANTES APROBADOS | G55: =COUNTIF(V14:V43,"Aprobado") -> 19 | H55: =(G55*H54)/G54 -> 0.76
D56: ESTUDIANTES REPROBADOS | G56: =COUNTIF(V14:V43,"Reprobado") -> 0 | H56: =(G56*H54)/G54 -> 0
D57: ABADONO | G57: =COUNTIF(V14:V43,"Abandono") -> 6 | H57: =(G57*H54)/G54 -> 0.24

Sheet COA-301 N
A4: INSTITUTO TECNICO DE EDUCACIÓN SUPERIOR "NOVELL"
D5: CARRERA: | E5: CONTADURÍA GENERAL
D6: MENCIÓN:
D7: ÁREA: | E7: COMERCIAL Y SERVICIOS
D8: MATERIA: | E8: =+'COA-301'!E8:H8 -> CONTABILIDAD AGROPECUARIA | I8: SIGLA: | J8: =+'COA-301'!J8:K8 -> COA-301
D9: DOCENTE: | E9: LIC. MARIA ELENA MAMANI MACEDA
D10: AÑO/SEMESTRE: | E10: =+'COA-301'!E10:H10 -> TERCER AÑO | I10: GESTIÓN: | J10: =+'COA-301'!J10:K10 -> 2022
C12: Nro. | D12: Apellidos y Nombres | F12: Prom. Ev. Teórica | G12: Prom. Eval. Práctica | H12: Calificación Final | I12: Prueba de Recuper. | J12: Observación
C13: 1 | D13: Atocha Mamani Ruben | F13: 21 | G13: 49 | H13: =+F13+G13 -> 70 | J13: =IF(H13=0,"Abandono",IF(OR(H13>=61,I13=61),"Aprobado","Reprobado")) -> Aprobado
C14: 2 | D14: Bautista Yucra Judith | F14: 20 | G14: 50 | H14: =+F14+G14 -> 70 | J14: =IF(H14=0,"Abandono",IF(OR(H14>=61,I14=61),"Aprobado","Reprobado")) -> Aprobado
C15: 3 | D15: Bejarano Loras Douglas | F15: 20 | G15: 42 | H15: =+F15+G15 -> 62 | J15: =IF(H15=0,"Abandono",IF(OR(H15>=61,I15=61),"Aprobado","Reprobado")) -> Aprobado
C16: 4 | D16: Choque Paillo Jaime | F16: 21 | G16: 67 | H16: =+F16+G16 -> 88 | J16: =IF(H16=0,"Abandono",IF(OR(H16>=61,I16=61),"Aprobado","Reprobado")) -> Aprobado
C17: 5 | D17: Coaquira Coaquira Monica | F17: 0 | G17: 0 | H17: =+F17+G17 -> 0 | J17: =IF(H17=0,"Abandono",IF(OR(H17>=61,I17=61),"Aprobado","Reprobado")) -> Abandono
C18: 6 | D18: Colque Ayala Carla Lorena | F18: 15 | G18: 30 | H18: =+F18+G18 -> 45 | I18: 61 | J18: =IF(H18=0,"Abandono",IF(OR(H18>=61,I18=61),"Aprobado","Reprobado")) -> Aprobado
C19: 7 | D19: Condori Titichoca Dieter Jherson | F19: 0 | G19: 0 | H19: =+F19+G19 -> 0 | J19: =IF(H19=0,"Abandono",IF(OR(H19>=61,I19=61),"Aprobado","Reprobado")) -> Abandono
C20: 8 | D20: Del Carpio Lora Marisela | F20: 0 | G20: 0 | H20: =+F20+G20 -> 0 | J20: =IF(H20=0,"Abandono",IF(OR(H20>=61,I20=61),"Aprobado","Reprobado")) -> Abandono
C21: 9 | D21: Felipez Veliz Ronald | F21: 21 | G21: 41 | H21: =+F21+G21 -> 62 | J21: =IF(H21=0,"Abandono",IF(OR(H21>=61,I21=61),"Aprobado","Reprobado")) -> Aprobado
C22: 10 | D22: Fulguera Callata Jonathan | F22: 25 | G22: 65 | H22: =+F22+G22 -> 90 | J22: =IF(H22=0,"Abandono",IF(OR(H22>=61,I22=61),"Aprobado","Reprobado")) -> Aprobado
C23: 11 | D23: Huarayo Cunurana Maribel | F23: 21 | G23: 45 | H23: =+F23+G23 -> 66 | J23: =IF(H23=0,"Abandono",IF(OR(H23>=61,I23=61),"Aprobado","Reprobado")) -> Aprobado
C24: 12 | D24: Jamillo Cruz Jenny Laura | F24: 0 | G24: 0 | H24: =+F24+G24 -> 0 | J24: =IF(H24=0,"Abandono",IF(OR(H24>=61,I24=61),"Aprobado","Reprobado")) -> Abandono
C25: 13 | D25: Loaiza Lopez Jaime | F25: 0 | G25: 0 | H25: =+F25+G25 -> 0 | J25: =IF(H25=0,"Abandono",IF(OR(H25>=61,I25=61),"Aprobado","Reprobado")) -> Abandono
C26: 14 | D26: Lopez Sausiri Luis Alberto | F26: 20 | G26: 50 | H26: =+F26+G26 -> 70 | J26: =IF(H26=0,"Abandono",IF(OR(H26>=61,I26=61),"Aprobado","Reprobado")) -> Aprobado
C27: 15 | D27: Martinez Mamani Gladis | F27: 0 | G27: 0 | H27: =+F27+G27 -> 0 | J27: =IF(H27=0,"Abandono",IF(OR(H27>=61,I27=61),"Aprobado","Reprobado")) -> Abandono
C28: 16 | D28: Poma Condori Juan Luis | F28: 23 | G28: 40 | H28: =+F28+G28 -> 63 | J28: =IF(H28=0,"Abandono",IF(OR(H28>=61,I28=61),"Aprobado","Reprobado")) -> Aprobado
C29: 17 | D29: Puma Choque Veronica | F29: 18 | G29: 43 | H29: =+F29+G29 -> 61 | J29: =IF(H29=0,"Abandono",IF(OR(H29>=61,I29=61),"Aprobado","Reprobado")) -> Aprobado
C30: 18 | D30: Quinta Quisbert Melinda Cecilia | F30: 26 | G30: 44 | H30: =+F30+G30 -> 70 | J30: =IF(H30=0,"Abandono",IF(OR(H30>=61,I30=61),"Aprobado","Reprobado")) -> Aprobado
... C37: 25 | D37: Virreira Cano Nhataly Alizon | F37: 25 | G37: 65 | H37: =+F37+G37 -> 90 | J37: =IF(H37=0,"Abandono",IF(OR(H37>=61,I37=61),"Aprobado","Reprobado")) -> Aprobado
G50: RESUMEN | I50: TOTAL | J50: PORCENTAJE
G51: Inscritos | I51: =COUNT(C13:C47) -> 25 | J51: 1
G52: Aprobados | I52: =COUNTIF(J13:K47,"Aprobado") -> 19 | J52: =(I52*J51)/I51 -> 0.76
G53: Reprobados | I53: =COUNTIF(J13:K47,"Reprobado") -> 0 | J53: =(I53*J51)/I51 -> 0
G54: Abandonos | I54: =COUNTIF(J13:J47,"Abandono") -> 6 | J54: =(I54*J51)/I51 -> 0.24
B61: Firma y Sello | F61: Sello de la | I61: Firma y Sello
B62: DIRECTOR ACADEMICO | F62: institución | I62: DOCENTE DE LA MATERIA

Sheet COC-302 N
A4: INSTITUTO TECNICO DE EDUCACIÓN SUPERIOR "NOVELL"
D5: CARRERA: | E5: CONTADURÍA GENERAL
D6: MENCIÓN:
D7: ÁREA: | E7: COMERCIAL Y SERVICIOS
D8: MATERIA: | E8: =+'COC-302'!E8:H8 -> CONTABILIDAD DE COSTOS II | I8: SIGLA: | J8: =+'COC-302'!J8:K8 -> COC-302
D9: DOCENTE: | E9: LIC. JEOVANA CHACA SANTANDER
D10: AÑO/SEMESTRE: | E10: =+'COA-301'!E10:H10 -> TERCER AÑO | I10: GESTIÓN: | J10: =+'COA-301'!J10:K10 -> 2022
C12: Nro. | D12: Apellidos y Nombres | F12: Prom. Ev. Teórica | G12: Prom. Eval. Práctica | H12: Calificación Final | I12: Prueba de Recuper. | J12: Observación
C13: 1 | D13: =+'COA-301 N'!D13:E13 -> Atocha Mamani Ruben | F13: 24 | G13: 60 | H13: =+F13+G13 -> 84 | J13: =IF(H13=0,"Abandono",IF(OR(H13>=61,I13=61),"Aprobado","Reprobado")) -> Aprobado
C14: 2 | D14: =+'COA-301 N'!D14:E14 -> Bautista Yucra Judith | F14: 28 | G14: 64 | H14: =+F14+G14 -> 92 | J14: =IF(H14=0,"Abandono",IF(OR(H14>=61,I14=61),"Aprobado","Reprobado")) -> Aprobado
C15: 3 | D15: =+'COA-301 N'!D15:E15 -> Bejarano Loras Douglas | F15: 22 | G15: 41 | H15: =+F15+G15 -> 63 | J15: =IF(H15=0,"Abandono",IF(OR(H15>=61,I15=61),"Aprobado","Reprobado")) -> Aprobado
C16: 4 | D16: =+'COA-301 N'!D16:E16 -> Choque Paillo Jaime | F16: 28 | G16: 64 | H16: =+F16+G16 -> 92 | J16: =IF(H16=0,"Abandono",IF(OR(H16>=61,I16=61),"Aprobado","Reprobado")) -> Aprobado
C17: 5 | D17: =+'COA-301 N'!D17:E17 -> Coaquira Coaquira Monica | F17: 0 | G17: 0 | H17: =+F17+G17 -> 0 | J17: =IF(H17=0,"Abandono",IF(OR(H17>=61,I17=61),"Aprobado","Reprobado")) -> Abandono
C18: 6 | D18: =+'COA-301 N'!D18:E18 -> Colque Ayala Carla Lorena | F18: 20 | G18: 52 | H18: =+F18+G18 -> 72 | J18: =IF(H18=0,"Abandono",IF(OR(H18>=61,I18=61),"Aprobado","Reprobado")) -> Aprobado
C19: 7 | D19: =+'COA-301 N'!D19:E19 -> Condori Titichoca Dieter Jherson | F19: 0 | G19: 0 | H19: =+F19+G19 -> 0 | J19: =IF(H19=0,"Abandono",IF(OR(H19>=61,I19=61),"Aprobado","Reprobado")) -> Abandono
C20: 8 | D20: =+'COA-301 N'!D20:E20 -> Del Carpio Lora Marisela | F20: 0 | G20: 0 | H20: =+F20+G20 -> 0 | J20: =IF(H20=0,"Abandono",IF(OR(H20>=61,I20=61),"Aprobado","Reprobado")) -> Abandono
C21: 9 | D21: =+'COA-301 N'!D21:E21 -> Felipez Veliz Ronald | F21: 18 | G21: 47 | H21: =+F21+G21 -> 65 | J21: =IF(H21=0,"Abandono",IF(OR(H21>=61,I21=61),"Aprobado","Reprobado")) -> Aprobado
C22: 10 | D22: =+'COA-301 N'!D22:E22 -> Fulguera Callata Jonathan | F22: 28 | G22: 60 | H22: =+F22+G22 -> 88 | J22: =IF(H22=0,"Abandono",IF(OR(H22>=61,I22=61),"Aprobado","Reprobado")) -> Aprobado
C23: 11 | D23: =+'COA-301 N'!D23:E23 -> Huarayo Cunurana Maribel | F23: 28 | G23: 53 | H23: =+F23+G23 -> 81 | J23: =IF(H23=0,"Abandono",IF(OR(H23>=61,I23=61),"Aprobado","Reprobado")) -> Aprobado
C24: 12 | D24: =+'COA-301 N'!D24:E24 -> Jamillo Cruz Jenny Laura | F24: 0 | G24: 0 | H24: =+F24+G24 -> 0 | J24: =IF(H24=0,"Abandono",IF(OR(H24>=61,I24=61),"Aprobado","Reprobado")) -> Abandono
... C37: 25 | D37: =+'COA-301 N'!D37:E37 -> Virreira Cano Nhataly Alizon | F37: 20 | G37: 50 | H37: =+F37+G37 -> 70 | J37: =IF(H37=0,"Abandono",IF(OR(H37>=61,I37=61),"Aprobado","Reprobado")) -> Aprobado
G50: RESUMEN | I50: TOTAL | J50: PORCENTAJE
G51: Inscritos | I51: =COUNT(C13:C47) -> 25 | J51: 1
G52: Aprobados | I52: =COUNTIF(J13:K47,"Aprobado") -> 19 | J52: =(I52*J51)/I51 -> 0.76
G53: Reprobados | I53: =COUNTIF(J13:K47,"Reprobado") -> 0 | J53: =(I53*J51)/I51 -> 0
G54: Abandonos | I54: =COUNTIF(J13:J47,"Abandono") -> 6 | J54: =(I54*J51)/I51 -> 0.24
B61: Firma y Sello | F61: Sello de la | I61: Firma y Sello
B62: DIRECTOR ACADEMICO | F62: institución | I62: DOCENTE DE LA MATERIA

Sheet COG-303 N
A4: INSTITUTO TECNICO DE EDUCACIÓN SUPERIOR "NOVELL"
D5: CARRERA: | E5: CONTADURÍA GENERAL
D6: MENCIÓN:
D7: ÁREA: | E7: COMERCIAL Y SERVICIOS
D8: MATERIA: | E8: =+'COG-303'!E8:H8 -> CONTABILIDAD GUBERNAMENTAL | I8: SIGLA: | J8: =+'COG-303'!J8:K8 -> COG-303
D9: DOCENTE: | E9: LIC. JEOVANA CHACA SANTANDER
D10: AÑO/SEMESTRE: | E10: =+'COA-301'!E10:H10 -> TERCER AÑO | I10: GESTIÓN: | J10: =+'COA-301'!J10:K10 -> 2022
C12: Nro. | D12: Apellidos y Nombres | F12: Prom. Ev. Teórica | G12: Prom. Eval. Práctica | H12: Calificación Final | I12: Prueba de Recuper. | J12: Observación
C13: 1 | D13: =+'COA-301 N'!D13:E13 -> Atocha Mamani Ruben | F13: 20 | G13: 44 | H13: =+F13+G13 -> 64 | J13: =IF(H13=0,"Abandono",IF(OR(H13>=61,I13=61),"Aprobado","Reprobado")) -> Aprobado
C14: 2 | D14: =+'COA-301 N'!D14:E14 -> Bautista Yucra Judith | F14: 22 | G14: 54 | H14: =+F14+G14 -> 76 | J14: =IF(H14=0,"Abandono",IF(OR(H14>=61,I14=61),"Aprobado","Reprobado")) -> Aprobado
C15: 3 | D15: =+'COA-301 N'!D15:E15 -> Bejarano Loras Douglas | F15: 21 | G15: 41 | H15: =+F15+G15 -> 62 | J15: =IF(H15=0,"Abandono",IF(OR(H15>=61,I15=61),"Aprobado","Reprobado")) -> Aprobado
C16: 4 | D16: =+'COA-301 N'!D16:E16 -> Choque Paillo Jaime | F16: 25 | G16: 54 | H16: =+F16+G16 -> 79 | J16: =IF(H16=0,"Abandono",IF(OR(H16>=61,I16=61),"Aprobado","Reprobado")) -> Aprobado
C17: 5 | D17: =+'COA-301 N'!D17:E17 -> Coaquira Coaquira Monica | F17: 0 | G17: 0 | H17: =+F17+G17 -> 0 | J17: =IF(H17=0,"Abandono",IF(OR(H17>=61,I17=61),"Aprobado","Reprobado")) -> Abandono
C18: 6 | D18: =+'COA-301 N'!D18:E18 -> Colque Ayala Carla Lorena | F18: 22 | G18: 42 | H18: =+F18+G18 -> 64 | J18: =IF(H18=0,"Abandono",IF(OR(H18>=61,I18=61),"Aprobado","Reprobado")) -> Aprobado
C19: 7 | D19: =+'COA-301 N'!D19:E19 -> Condori Titichoca Dieter Jherson | F19: 0 | G19: 0 | H19: =+F19+G19 -> 0 | J19: =IF(H19=0,"Abandono",IF(OR(H19>=61,I19=61),"Aprobado","Reprobado")) -> Abandono
C20: 8 | D20: =+'COA-301 N'!D20:E20 -> Del Carpio Lora Marisela | F20: 0 | G20: 0 | H20: =+F20+G20 -> 0 | J20: =IF(H20=0,"Abandono",IF(OR(H20>=61,I20=61),"Aprobado","Reprobado")) -> Abandono
C21: 9 | D21: =+'COA-301 N'!D21:E21 -> Felipez Veliz Ronald | F21: 30 | G21: 55 | H21: =+F21+G21 -> 85 | J21: =IF(H21=0,"Abandono",IF(OR(H21>=61,I21=61),"Aprobado","Reprobado")) -> Aprobado
C22: 10 | D22: =+'COA-301 N'!D22:E22 -> Fulguera Callata Jonathan | F22: 22 | G22: 49 | H22: =+F22+G22 -> 71 | J22: =IF(H22=0,"Abandono",IF(OR(H22>=61,I22=61),"Aprobado","Reprobado")) -> Aprobado
C23: 11 | D23: =+'COA-301 N'!D23:E23 -> Huarayo Cunurana Maribel | F23: 23 | G23: 42 | H23: =+F23+G23 -> 65 | J23: =IF(H23=0,"Abandono",IF(OR(H23>=61,I23=61),"Aprobado","Reprobado")) -> Aprobado
C24: 12 | D24: =+'COA-301 N'!D24:E24 -> Jamillo Cruz Jenny Laura | F24: 0 | G24: 0 | H24: =+F24+G24 -> 0 | J24: =IF(H24=0,"Abandono",IF(OR(H24>=61,I24=61),"Aprobado","Reprobado")) -> Abandono
... C29: 17 | D29: =+'COA-301 N'!D29:E29 -> Puma Choque Veronica | F29: 30 | G29: 51 | H29: =+F29+G29 -> 81 | J29: =IF(H29=0,"Abandono",IF(OR(H29>=61,I29=61),"Aprobado","Reprobado")) -> Aprobado
C30: 18 | D30: =+'COA-301 N'!D30:E30 -> Quinta Quisbert Melinda Cecilia | F30: 25 | G30: 33 | H30: =+F30+G30 -> 58 | I30: 61 | J30: =IF(H30=0,"Abandono",IF(OR(H30>=61,I30=61),"Aprobado","Reprobado")) -> Aprobado
C31: 19 | D31: =+'COA-301 N'!D31:E31 -> Quiñones Rueda Israel | F31: 28 | G31: 57 | H31: =+F31+G31 -> 85 | J31: =IF(H31=0,"Abandono",IF(OR(H31>=61,I31=61),"Aprobado","Reprobado")) -> Aprobado
C32: 20 | D32: =+'COA-301 N'!D32:E32 -> Quispe Quispe Jorge Luis | F32: 20 | G32: 48 | H32: =+F32+G32 -> 68 | J32: =IF(H32=0,"Abandono",IF(OR(H32>=61,I32=61),"Aprobado","Reprobado")) -> Aprobado
C33: 21 | D33: =+'COA-301 N'!D33:E33 -> Riva Loroño Jhoana Celina | F33: 20 | G33: 34 | H33: =+F33+G33 -> 54 | I33: 61 | J33: =IF(H33=0,"Abandono",IF(OR(H33>=61,I33=61),"Aprobado","Reprobado")) -> Aprobado
C34: 22 | D34: =+'COA-301 N'!D34:E34 -> Romero Rodriguez Victor Hugo | F34: 21 | G34: 40 | H34: =+F34+G34 -> 61 | J34: =IF(H34=0,"Abandono",IF(OR(H34>=61,I34=61),"Aprobado","Reprobado")) -> Aprobado
C35: 23 | D35: =+'COA-301 N'!D35:E35 -> Santos Tola Carla Alejandra | F35: 21 | G35: 42 | H35: =+F35+G35 -> 63 | J35: =IF(H35=0,"Abandono",IF(OR(H35>=61,I35=61),"Aprobado","Reprobado")) -> Aprobado
C36: 24 | D36: =+'COA-301 N'!D36:E36 -> Tito Yucra Leiddy Olimpia | F36: 25 | G36: 51 | H36: =+F36+G36 -> 76 | J36: =IF(H36=0,"Abandono",IF(OR(H36>=61,I36=61),"Aprobado","Reprobado")) -> Aprobado
C37: 25 | D37: =+'COA-301 N'!D37:E37 -> Virreira Cano Nhataly Alizon | F37: 23 | G37: 45 | H37: =+F37+G37 -> 68 | J37: =IF(H37=0,"Abandono",IF(OR(H37>=61,I37=61),"Aprobado","Reprobado")) -> Aprobado
G50: RESUMEN | I50: TOTAL | J50: PORCENTAJE
G51: Inscritos | I51: =COUNT(C13:C47) -> 25 | J51: 1
G52: Aprobados | I52: =COUNTIF(J13:K47,"Aprobado") -> 19 | J52: =(I52*J51)/I51 -> 0.76
G53: Reprobados | I53: =COUNTIF(J13:K47,"Reprobado") -> 0 | J53: =(I53*J51)/I51 -> 0
G54: Abandonos | I54: =COUNTIF(J13:J47,"Abandono") -> 6 | J54: =(I54*J51)/I51 -> 0.24
B61: Firma y Sello | F61: Sello de la | I61: Firma y Sello
B62: DIRECTOR ACADEMICO | F62: institución | I62: DOCENTE DE LA MATERIA

Sheet CEP-304 N
A4: INSTITUTO TECNICO DE EDUCACIÓN SUPERIOR "NOVELL"
D5: CARRERA: | E5: CONTADURÍA GENERAL
D6: MENCIÓN:
D7: ÁREA: | E7: COMERCIAL Y SERVICIOS
D8: MATERIA: | E8: =+'CEP.304'!E8:H8 -> CONTABILIDAD EXTRACTIVA (Minera, Petrolera y Forestal) | I8: SIGLA: | J8: =+'CEP.304'!J8:K8 -> CEP-304
D9: DOCENTE: | E9: LIC. WILSON PEÑAFIEL SEJAS
D10: AÑO/SEMESTRE: | E10: =+'COA-301'!E10:H10 -> TERCER AÑO | I10: GESTIÓN: | J10: =+'COA-301'!J10:K10 -> 2022
C12: Nro. | D12: Apellidos y Nombres | F12: Prom. Ev. Teórica | G12: Prom. Eval. Práctica | H12: Calificación Final | I12: Prueba de Recuper. | J12: Observación
C13: 1 | D13: =+'COA-301 N'!D13:E13 -> Atocha Mamani Ruben | F13: 27 | G13: 61 | H13: =+F13+G13 -> 88 | J13: =IF(H13=0,"Abandono",IF(OR(H13>=61,I13=61),"Aprobado","Reprobado")) -> Aprobado
C14: 2 | D14: =+'COA-301 N'!D14:E14 -> Bautista Yucra Judith | F14: 27 | G14: 62 | H14: =+F14+G14 -> 89 | J14: =IF(H14=0,"Abandono",IF(OR(H14>=61,I14=61),"Aprobado","Reprobado")) -> Aprobado
C15: 3 | D15: =+'COA-301 N'!D15:E15 -> Bejarano Loras Douglas | F15: 22 | G15: 42 | H15: =+F15+G15 -> 64 | J15: =IF(H15=0,"Abandono",IF(OR(H15>=61,I15=61),"Aprobado","Reprobado")) -> Aprobado
C16: 4 | D16: =+'COA-301 N'!D16:E16 -> Choque Paillo Jaime | F16: 28 | G16: 67 | H16: =+F16+G16 -> 95 | J16: =IF(H16=0,"Abandono",IF(OR(H16>=61,I16=61),"Aprobado","Reprobado")) -> Aprobado
C17: 5 | D17: =+'COA-301 N'!D17:E17 -> Coaquira Coaquira Monica | F17: 0 | G17: 0 | H17: =+F17+G17 -> 0 | J17: =IF(H17=0,"Abandono",IF(OR(H17>=61,I17=61),"Aprobado","Reprobado")) -> Abandono
C18: 6 | D18: =+'COA-301 N'!D18:E18 -> Colque Ayala Carla Lorena | F18: 23 | G18: 48 | H18: =+F18+G18 -> 71 | J18: =IF(H18=0,"Abandono",IF(OR(H18>=61,I18=61),"Aprobado","Reprobado")) -> Aprobado
C19: 7 | D19: =+'COA-301 N'!D19:E19 -> Condori Titichoca Dieter Jherson | F19: 0 | G19: 0 | H19: =+F19+G19 -> 0 | J19: =IF(H19=0,"Abandono",IF(OR(H19>=61,I19=61),"Aprobado","Reprobado")) -> Abandono
C20: 8 | D20: =+'COA-301 N'!D20:E20 -> Del Carpio Lora Marisela | F20: 0 | G20: 0 | H20: =+F20+G20 -> 0 | J20: =IF(H20=0,"Abandono",IF(OR(H20>=61,I20=61),"Aprobado","Reprobado")) -> Abandono
C21: 9 | D21: =+'COA-301 N'!D21:E21 -> Felipez Veliz Ronald | F21: 18 | G21: 45 | H21: =+F21+G21 -> 63 | J21: =IF(H21=0,"Abandono",IF(OR(H21>=61,I21=61),"Aprobado","Reprobado")) -> Aprobado
C22: 10 | D22: =+'COA-301 N'!D22:E22 -> Fulguera Callata Jonathan | F22: 28 | G22: 57 | H22: =+F22+G22 -> 85 | J22: =IF(H22=0,"Abandono",IF(OR(H22>=61,I22=61),"Aprobado","Reprobado")) -> Aprobado
C23: 11 | D23: =+'COA-301 N'!D23:E23 -> Huarayo Cunurana Maribel | F23: 28 | G23: 53 | H23: =+F23+G23 -> 81 | J23: =IF(H23=0,"Abandono",IF(OR(H23>=61,I23=61),"Aprobado","Reprobado")) -> Aprobado
C24: 12 | D24: =+'COA-301 N'!D24:E24 -> Jamillo Cruz Jenny Laura | F24: 0 | G24: 0 | H24: =+F24+G24 -> 0 | J24: =IF(H24=0,"Abandono",IF(OR(H24>=61,I24=61),"Aprobado","Reprobado")) -> Abandono
... C37: 25 | D37: =+'COA-301 N'!D37:E37 -> Virreira Cano Nhataly Alizon | F37: 20 | G37: 57 | H37: =+F37+G37 -> 77 | J37: =IF(H37=0,"Abandono",IF(OR(H37>=61,I37=61),"Aprobado","Reprobado")) -> Aprobado
G50: RESUMEN | I50: TOTAL | J50: PORCENTAJE
G51: Inscritos | I51: =COUNT(C13:C47) -> 25 | J51: 1
G52: Aprobados | I52: =COUNTIF(J13:K47,"Aprobado") -> 19 | J52: =(I52*J51)/I51 -> 0.76
G53: Reprobados | I53: =COUNTIF(J13:K47,"Reprobado") -> 0 | J53: =(I53*J51)/I51 -> 0
G54: Abandonos | I54: =COUNTIF(J13:J47,"Abandono") -> 6 | J54: =(I54*J51)/I51 -> 0.24
B61: Firma y Sello | F61: Sello de la | I61: Firma y Sello
B62: DIRECTOR ACADEMICO | F62: institución | I62: DOCENTE DE LA MATERIA

Sheet CSH-305 N
A4: INSTITUTO TECNICO DE EDUCACIÓN SUPERIOR "NOVELL"
D5: CARRERA: | E5: CONTADURÍA GENERAL
D6: MENCIÓN:
D7: ÁREA: | E7: COMERCIAL Y SERVICIOS
D8: MATERIA: | E8: =+'CSH-305'!E8:H8 -> CONTABILIDAD DE SERVICIOS (Construcción, Hotelería y Transporte) | I8: SIGLA: | J8: =+'CSH-305'!J8:K8 -> CSH-305
D9: DOCENTE: | E9: LIC. DAMARIZ MONICA INGALA VIZA
D10: AÑO/SEMESTRE: | E10: =+'COA-301'!E10:H10 -> TERCER AÑO | I10: GESTIÓN: | J10: =+'COA-301'!J10:K10 -> 2022
C12: Nro. | D12: Apellidos y Nombres | F12: Prom. Ev. Teórica | G12: Prom. Eval. Práctica | H12: Calificación Final | I12: Prueba de Recuper. | J12: Observación
C13: 1 | D13: =+'COA-301 N'!D13:E13 -> Atocha Mamani Ruben | F13: 10 | G13: 58 | H13: =+F13+G13 -> 68 | J13: =IF(H13=0,"Abandono",IF(OR(H13>=61,I13=61),"Aprobado","Reprobado")) -> Aprobado
C14: 2 | D14: =+'COA-301 N'!D14:E14 -> Bautista Yucra Judith | F14: 13 | G14: 60 | H14: =+F14+G14 -> 73 | J14: =IF(H14=0,"Abandono",IF(OR(H14>=61,I14=61),"Aprobado","Reprobado")) -> Aprobado
C15: 3 | D15: =+'COA-301 N'!D15:E15 -> Bejarano Loras Douglas | F15: 22 | G15: 43 | H15: =+F15+G15 -> 65 | J15: =IF(H15=0,"Abandono",IF(OR(H15>=61,I15=61),"Aprobado","Reprobado")) -> Aprobado
C16: 4 | D16: =+'COA-301 N'!D16:E16 -> Choque Paillo Jaime | F16: 18 | G16: 65 | H16: =+F16+G16 -> 83 | J16: =IF(H16=0,"Abandono",IF(OR(H16>=61,I16=61),"Aprobado","Reprobado")) -> Aprobado
C17: 5 | D17: =+'COA-301 N'!D17:E17 -> Coaquira Coaquira Monica | F17: 0 | G17: 0 | H17: =+F17+G17 -> 0 | J17: =IF(H17=0,"Abandono",IF(OR(H17>=61,I17=61),"Aprobado","Reprobado")) -> Abandono
C18: 6 | D18: =+'COA-301 N'!D18:E18 -> Colque Ayala Carla Lorena | F18: 12 | G18: 59 | H18: =+F18+G18 -> 71 | J18: =IF(H18=0,"Abandono",IF(OR(H18>=61,I18=61),"Aprobado","Reprobado")) -> Aprobado
C19: 7 | D19: =+'COA-301 N'!D19:E19 -> Condori Titichoca Dieter Jherson | F19: 0 | G19: 0 | H19: =+F19+G19 -> 0 | J19: =IF(H19=0,"Abandono",IF(OR(H19>=61,I19=61),"Aprobado","Reprobado")) -> Abandono
C20: 8 | D20: =+'COA-301 N'!D20:E20 -> Del Carpio Lora Marisela | F20: 0 | G20: 0 | H20: =+F20+G20 -> 0 | J20: =IF(H20=0,"Abandono",IF(OR(H20>=61,I20=61),"Aprobado","Reprobado")) -> Abandono
C21: 9 | D21: =+'COA-301 N'!D21:E21 -> Felipez Veliz Ronald | F21: 21 | G21: 43 | H21: =+F21+G21 -> 64 | J21: =IF(H21=0,"Abandono",IF(OR(H21>=61,I21=61),"Aprobado","Reprobado")) -> Aprobado
C22: 10 | D22: =+'COA-301 N'!D22:E22 -> Fulguera Callata Jonathan | F22: 14 | G22: 60 | H22: =+F22+G22 -> 74 | J22: =IF(H22=0,"Abandono",IF(OR(H22>=61,I22=61),"Aprobado","Reprobado")) -> Aprobado
C23: 11 | D23: =+'COA-301 N'!D23:E23 -> Huarayo Cunurana Maribel | F23: 11 | G23: 53 | H23: =+F23+G23 -> 64 | J23: =IF(H23=0,"Abandono",IF(OR(H23>=61,I23=61),"Aprobado","Reprobado")) -> Aprobado
C24: 12 | D24: =+'COA-301 N'!D24:E24 -> Jamillo Cruz Jenny Laura | F24: 0 | G24: 0 | H24: =+F24+G24 -> 0 | J24: =IF(H24=0,"Abandono",IF(OR(H24>=61,I24=61),"Aprobado","Reprobado")) -> Abandono
... C37: 25 | D37: =+'COA-301 N'!D37:E37 -> Virreira Cano Nhataly Alizon | F37: 11 | G37: 56 | H37: =+F37+G37 -> 67 | J37: =IF(H37=0,"Abandono",IF(OR(H37>=61,I37=61),"Aprobado","Reprobado")) -> Aprobado
G50: RESUMEN | I50: TOTAL | J50: PORCENTAJE
G51: Inscritos | I51: =COUNT(C13:C47) -> 25 | J51: 1
G52: Aprobados | I52: =COUNTIF(J13:K47,"Aprobado") -> 19 | J52: =(I52*J51)/I51 -> 0.76
G53: Reprobados | I53: =COUNTIF(J13:K47,"Reprobado") -> 0 | J53: =(I53*J51)/I51 -> 0
G54: Abandonos | I54: =COUNTIF(J13:J47,"Abandono") -> 6 | J54: =(I54*J51)/I51 -> 0.24
B61: Firma y Sello | F61: Sello de la | I61: Firma y Sello
B62: DIRECTOR ACADEMICO | F62: institución | I62: DOCENTE DE LA MATERIA

Sheet GCI-306 N
A4: INSTITUTO TECNICO DE EDUCACIÓN SUPERIOR "NOVELL"
D5: CARRERA: | E5: CONTADURÍA GENERAL
D6: MENCIÓN:
D7: ÁREA: | E7: COMERCIAL Y SERVICIOS
D8: MATERIA: | E8: =+'GCI-306'!E8:H8 -> GABINETE CONTABLE INFORMÁTICO | I8: SIGLA: | J8: =+'GCI-306'!J8:K8 -> GCI-306
D9: DOCENTE: | E9: LIC. MARIA ELENA MAMANI MACEDA
D10: AÑO/SEMESTRE: | E10: =+'COA-301'!E10:H10 -> TERCER AÑO | I10: GESTIÓN: | J10: =+'COA-301'!J10:K10 -> 2022
C12: Nro. | D12: Apellidos y Nombres | F12: Prom. Ev. Teórica | G12: Prom. Eval. Práctica | H12: Calificación Final | I12: Prueba de Recuper. | J12: Observación
C13: 1 | D13: =+'COA-301 N'!D13:E13 -> Atocha Mamani Ruben | F13: 20 | G13: 27 | H13: =+F13+G13 -> 47 | I13: 61 | J13: =IF(H13=0,"Abandono",IF(OR(H13>=61,I13=61),"Aprobado","Reprobado")) -> Aprobado
C14: 2 | D14: =+'COA-301 N'!D14:E14 -> Bautista Yucra Judith | F14: 21 | G14: 43 | H14: =+F14+G14 -> 64 | J14: =IF(H14=0,"Abandono",IF(OR(H14>=61,I14=61),"Aprobado","Reprobado")) -> Aprobado
C15: 3 | D15: =+'COA-301 N'!D15:E15 -> Bejarano Loras Douglas | F15: 23 | G15: 41 | H15: =+F15+G15 -> 64 | J15: =IF(H15=0,"Abandono",IF(OR(H15>=61,I15=61),"Aprobado","Reprobado")) -> Aprobado
C16: 4 | D16: =+'COA-301 N'!D16:E16 -> Choque Paillo Jaime | F16: 30 | G16: 57 | H16: =+F16+G16 -> 87 | J16: =IF(H16=0,"Abandono",IF(OR(H16>=61,I16=61),"Aprobado","Reprobado")) -> Aprobado
C17: 5 | D17: =+'COA-301 N'!D17:E17 -> Coaquira Coaquira Monica | F17: 0 | G17: 0 | H17: =+F17+G17 -> 0 | J17: =IF(H17=0,"Abandono",IF(OR(H17>=61,I17=61),"Aprobado","Reprobado")) -> Abandono
C18: 6 | D18: =+'COA-301 N'!D18:E18 -> Colque Ayala Carla Lorena | F18: 20 | G18: 50 | H18: =+F18+G18 -> 70 | J18: =IF(H18=0,"Abandono",IF(OR(H18>=61,I18=61),"Aprobado","Reprobado")) -> Aprobado
C19: 7 | D19: =+'COA-301 N'!D19:E19 -> Condori Titichoca Dieter Jherson | F19: 0 | G19: 0 | H19: =+F19+G19 -> 0 | J19: =IF(H19=0,"Abandono",IF(OR(H19>=61,I19=61),"Aprobado","Reprobado")) -> Abandono
C20: 8 | D20: =+'COA-301 N'!D20:E20 -> Del Carpio Lora Marisela | F20: 0 | G20: 0 | H20: =+F20+G20 -> 0 | J20: =IF(H20=0,"Abandono",IF(OR(H20>=61,I20=61),"Aprobado","Reprobado")) -> Abandono
C21: 9 | D21: =+'COA-301 N'!D21:E21 -> Felipez Veliz Ronald | F21: 28 | G21: 59 | H21: =+F21+G21 -> 87 | J21: =IF(H21=0,"Abandono",IF(OR(H21>=61,I21=61),"Aprobado","Reprobado")) -> Aprobado
C22: 10 | D22: =+'COA-301 N'!D22:E22 -> Fulguera Callata Jonathan | F22: 20 | G22: 41 | H22: =+F22+G22 -> 61 | J22: =IF(H22=0,"Abandono",IF(OR(H22>=61,I22=61),"Aprobado","Reprobado")) -> Aprobado
C23: 11 | D23: =+'COA-301 N'!D23:E23 -> Huarayo Cunurana Maribel | F23: 25 | G23: 48 | H23: =+F23+G23 -> 73 | J23: =IF(H23=0,"Abandono",IF(OR(H23>=61,I23=61),"Aprobado","Reprobado")) -> Aprobado
C24: 12 | D24: =+'COA-301 N'!D24:E24 -> Jamillo Cruz Jenny Laura | F24: 0 | G24: 0 | H24: =+F24+G24 -> 0 | J24: =IF(H24=0,"Abandono",IF(OR(H24>=61,I24=61),"Aprobado","Reprobado")) -> Abandono
C25: 13 | D25: =+'COA-301 N'!D25:E25 -> Loaiza Lopez Jaime | F25: 0 | G25: 0 | H25: =+F25+G25 -> 0 | J25: =IF(H25=0,"Abandono",IF(OR(H25>=61,I25=61),"Aprobado","Reprobado")) -> Abandono
... C29: 17 | D29: =+'COA-301 N'!D29:E29 -> Puma Choque Veronica | F29: 28 | G29: 60 | H29: =+F29+G29 -> 88 | J29: =IF(H29=0,"Abandono",IF(OR(H29>=61,I29=61),"Aprobado","Reprobado")) -> Aprobado
C30: 18 | D30: =+'COA-301 N'!D30:E30 -> Quinta Quisbert Melinda Cecilia | F30: 20 | G30: 33 | H30: =+F30+G30 -> 53 | I30: 61 | J30: =IF(H30=0,"Abandono",IF(OR(H30>=61,I30=61),"Aprobado","Reprobado")) -> Aprobado
C31: 19 | D31: =+'COA-301 N'!D31:E31 -> Quiñones Rueda Israel | F31: 25 | G31: 63 | H31: =+F31+G31 -> 88 | J31: =IF(H31=0,"Abandono",IF(OR(H31>=61,I31=61),"Aprobado","Reprobado")) -> Aprobado
C32: 20 | D32: =+'COA-301 N'!D32:E32 -> Quispe Quispe Jorge Luis | F32: 24 | G32: 50 | H32: =+F32+G32 -> 74 | J32: =IF(H32=0,"Abandono",IF(OR(H32>=61,I32=61),"Aprobado","Reprobado")) -> Aprobado
C33: 21 | D33: =+'COA-301 N'!D33:E33 -> Riva Loroño Jhoana Celina | F33: 25 | G33: 45 | H33: =+F33+G33 -> 70 | J33: =IF(H33=0,"Abandono",IF(OR(H33>=61,I33=61),"Aprobado","Reprobado")) -> Aprobado
C34: 22 | D34: =+'COA-301 N'!D34:E34 -> Romero Rodriguez Victor Hugo | F34: 21 | G34: 43 | H34: =+F34+G34 -> 64 | J34: =IF(H34=0,"Abandono",IF(OR(H34>=61,I34=61),"Aprobado","Reprobado")) -> Aprobado
C35: 23 | D35: =+'COA-301 N'!D35:E35 -> Santos Tola Carla Alejandra | F35: 22 | G35: 41 | H35: =+F35+G35 -> 63 | J35: =IF(H35=0,"Abandono",IF(OR(H35>=61,I35=61),"Aprobado","Reprobado")) -> Aprobado
C36: 24 | D36: =+'COA-301 N'!D36:E36 -> Tito Yucra Leiddy Olimpia | F36: 27 | G36: 59 | H36: =+F36+G36 -> 86 | J36: =IF(H36=0,"Abandono",IF(OR(H36>=61,I36=61),"Aprobado","Reprobado")) -> Aprobado
C37: 25 | D37: =+'COA-301 N'!D37:E37 -> Virreira Cano Nhataly Alizon | F37: 20 | G37: 38 | H37: =+F37+G37 -> 58 | I37: 61 | J37: =IF(H37=0,"Abandono",IF(OR(H37>=61,I37=61),"Aprobado","Reprobado")) -> Aprobado
G50: RESUMEN | I50: TOTAL | J50: PORCENTAJE
G51: Inscritos | I51: =COUNT(C13:C47) -> 25 | J51: 1
G52: Aprobados | I52: =COUNTIF(J13:K47,"Aprobado") -> 19 | J52: =(I52*J51)/I51 -> 0.76
G53: Reprobados | I53: =COUNTIF(J13:K47,"Reprobado") -> 0 | J53: =(I53*J51)/I51 -> 0
G54: Abandonos | I54: =COUNTIF(J13:J47,"Abandono") -> 6 | J54: =(I54*J51)/I51 -> 0.24
B61: Firma y Sello | F61: Sello de la | I61: Firma y Sello
B62: DIRECTOR ACADEMICO | F62: institución | I62: DOCENTE DE LA MATERIA

Sheet AEF-307 N
A4: INSTITUTO TECNICO DE EDUCACIÓN SUPERIOR "NOVELL"
D5: CARRERA: | E5: CONTADURÍA GENERAL
D6: MENCIÓN:
D7: ÁREA: | E7: COMERCIAL Y SERVICIOS
D8: MATERIA: | E8: =+'AEF-307'!E8:H8 -> ANÁLISIS E INTERPRETACIONES DE ESTADOS FINANCIEROS | I8: SIGLA: | J8: =+'AEF-307'!J8:K8 -> AEF-307
D9: DOCENTE: | E9: LIC. JEOVANA CHACA SANTANDER
D10: AÑO/SEMESTRE: | E10: =+'COA-301'!E10:H10 -> TERCER AÑO | I10: GESTIÓN: | J10: =+'COA-301'!J10:K10 -> 2022
C12: Nro. | D12: Apellidos y Nombres | F12: Prom. Ev. Teórica | G12: Prom. Eval. Práctica | H12: Calificación Final | I12: Prueba de Recuper. | J12: Observación
C13: 1 | D13: =+'COA-301 N'!D13:E13 -> Atocha Mamani Ruben | F13: 22 | G13: 48 | H13: =+F13+G13 -> 70 | J13: =IF(H13=0,"Abandono",IF(OR(H13>=61,I13=61),"Aprobado","Reprobado")) -> Aprobado
C14: 2 | D14: =+'COA-301 N'!D14:E14 -> Bautista Yucra Judith | F14: 20 | G14: 54 | H14: =+F14+G14 -> 74 | J14: =IF(H14=0,"Abandono",IF(OR(H14>=61,I14=61),"Aprobado","Reprobado")) -> Aprobado
C15: 3 | D15: =+'COA-301 N'!D15:E15 -> Bejarano Loras Douglas | F15: 21 | G15: 42 | H15: =+F15+G15 -> 63 | J15: =IF(H15=0,"Abandono",IF(OR(H15>=61,I15=61),"Aprobado","Reprobado")) -> Aprobado
C16: 4 | D16: =+'COA-301 N'!D16:E16 -> Choque Paillo Jaime | F16: 25 | G16: 50 | H16: =+F16+G16 -> 75 | J16: =IF(H16=0,"Abandono",IF(OR(H16>=61,I16=61),"Aprobado","Reprobado")) -> Aprobado
C17: 5 | D17: =+'COA-301 N'!D17:E17 -> Coaquira Coaquira Monica | F17: 0 | G17: 0 | H17: =+F17+G17 -> 0 | J17: =IF(H17=0,"Abandono",IF(OR(H17>=61,I17=61),"Aprobado","Reprobado")) -> Abandono
C18: 6 | D18: =+'COA-301 N'!D18:E18 -> Colque Ayala Carla Lorena | F18: 20 | G18: 25 | H18: =+F18+G18 -> 45 | I18: 61 | J18: =IF(H18=0,"Abandono",IF(OR(H18>=61,I18=61),"Aprobado","Reprobado")) -> Aprobado
C19: 7 | D19: =+'COA-301 N'!D19:E19 -> Condori Titichoca Dieter Jherson | F19: 0 | G19: 0 | H19: =+F19+G19 -> 0 | J19: =IF(H19=0,"Abandono",IF(OR(H19>=61,I19=61),"Aprobado","Reprobado")) -> Abandono
C20: 8 | D20: =+'COA-301 N'!D20:E20 -> Del Carpio Lora Marisela | F20: 0 | G20: 0 | H20: =+F20+G20 -> 0 | J20: =IF(H20=0,"Abandono",IF(OR(H20>=61,I20=61),"Aprobado","Reprobado")) -> Abandono
C21: 9 | D21: =+'COA-301 N'!D21:E21 -> Felipez Veliz Ronald | F21: 21 | G21: 30 | H21: =+F21+G21 -> 51 | I21: 61 | J21: =IF(H21=0,"Abandono",IF(OR(H21>=61,I21=61),"Aprobado","Reprobado")) -> Aprobado
C22: 10 | D22: =+'COA-301 N'!D22:E22 -> Fulguera Callata Jonathan | F22: 25 | G22: 65 | H22: =+F22+G22 -> 90 | J22: =IF(H22=0,"Abandono",IF(OR(H22>=61,I22=61),"Aprobado","Reprobado")) -> Aprobado
C23: 11 | D23: =+'COA-301 N'!D23:E23 -> Huarayo Cunurana Maribel | F23: 22 | G23: 43 | H23: =+F23+G23 -> 65 | J23: =IF(H23=0,"Abandono",IF(OR(H23>=61,I23=61),"Aprobado","Reprobado")) -> Aprobado
C24: 12 | D24: =+'COA-301 N'!D24:E24 -> Jamillo Cruz Jenny Laura | F24: 0 | G24: 0 | H24: =+F24+G24 -> 0 | J24: =IF(H24=0,"Abandono",IF(OR(H24>=61,I24=61),"Aprobado","Reprobado")) -> Abandono
C25: 13 | D25: =+'COA-301 N'!D25:E25 -> Loaiza Lopez Jaime | F25: 0 | G25: 0 | H25: =+F25+G25 -> 0 | J25: =IF(H25=0,"Abandono",IF(OR(H25>=61,I25=61),"Aprobado","Reprobado")) -> Abandono
C26: 14 | D26: =+'COA-301 N'!D26:E26 -> Lopez Sausiri Luis Alberto | F26: 25 | G26: 50 | H26: =+F26+G26 -> 75 | J26: =IF(H26=0,"Abandono",IF(OR(H26>=61,I26=61),"Aprobado","Reprobado")) -> Aprobado
C27: 15 | D27: =+'COA-301 N'!D27:E27 -> Martinez Mamani Gladis | F27: 0 | G27: 0 | H27: =+F27+G27 -> 0 | J27: =IF(H27=0,"Abandono",IF(OR(H27>=61,I27=61),"Aprobado","Reprobado")) -> Abandono
C28: 16 | D28: =+'COA-301 N'!D28:E28 -> Poma Condori Juan Luis | F28: 21 | G28: 30 | H28: =+F28+G28 -> 51 | I28: 61 | J28: =IF(H28=0,"Abandono",IF(OR(H28>=61,I28=61),"Aprobado","Reprobado")) -> Aprobado
C29: 17 | D29: =+'COA-301 N'!D29:E29 -> Puma Choque Veronica | F29: 22 | G29: 40 | H29: =+F29+G29 -> 62 | J29: =IF(H29=0,"Abandono",IF(OR(H29>=61,I29=61),"Aprobado","Reprobado")) -> Aprobado
C30: 18 | D30: =+'COA-301 N'!D30:E30 -> Quinta Quisbert Melinda Cecilia | F30: 23 | G30: 57 | H30: =+F30+G30 -> 80 | J30: =IF(H30=0,"Abandono",IF(OR(H30>=61,I30=61),"Aprobado","Reprobado")) -> Aprobado
C31: 19 | D31: =+'COA-301 N'!D31:E31 -> Quiñones Rueda Israel | F31: 19 | G31: 52 | H31: =+F31+G31 -> 71 | J31: =IF(H31=0,"Abandono",IF(OR(H31>=61,I31=61),"Aprobado","Reprobado")) -> Aprobado
C32: 20 | D32: =+'COA-301 N'!D32:E32 -> Quispe Quispe Jorge Luis | F32: 19 | G32: 46 | H32: =+F32+G32 -> 65 | J32: =IF(H32=0,"Abandono",IF(OR(H32>=61,I32=61),"Aprobado","Reprobado")) -> Aprobado
C33: 21 | D33: =+'COA-301 N'!D33:E33 -> Riva Loroño Jhoana Celina | F33: 20 | G33: 25 | H33: =+F33+G33 -> 45 | I33: 61 | J33: =IF(H33=0,"Abandono",IF(OR(H33>=61,I33=61),"Aprobado","Reprobado")) -> Aprobado
C34: 22 | D34: =+'COA-301 N'!D34:E34 -> Romero Rodriguez Victor Hugo | F34: 21 | G34: 30 | H34: =+F34+G34 -> 51 | I34: 61 | J34: =IF(H34=0,"Abandono",IF(OR(H34>=61,I34=61),"Aprobado","Reprobado")) -> Aprobado
C35: 23 | D35: =+'COA-301 N'!D35:E35 -> Santos Tola Carla Alejandra | F35: 21 | G35: 35 | H35: =+F35+G35 -> 56 | I35: 61 | J35: =IF(H35=0,"Abandono",IF(OR(H35>=61,I35=61),"Aprobado","Reprobado")) -> Aprobado
C36: 24 | D36: =+'COA-301 N'!D36:E36 -> Tito Yucra Leiddy Olimpia | F36: 30 | G36: 60 | H36: =+F36+G36 -> 90 | J36: =IF(H36=0,"Abandono",IF(OR(H36>=61,I36=61),"Aprobado","Reprobado")) -> Aprobado
C37: 25 | D37: =+'COA-301 N'!D37:E37 -> Virreira Cano Nhataly Alizon | F37: 27 | G37: 65 | H37: =+F37+G37 -> 92 | J37: =IF(H37=0,"Abandono",IF(OR(H37>=61,I37=61),"Aprobado","Reprobado")) -> Aprobado
G50: RESUMEN | I50: TOTAL | J50: PORCENTAJE
G51: Inscritos | I51: =COUNT(C13:C47) -> 25 | J51: 1
G52: Aprobados | I52: =COUNTIF(J13:K47,"Aprobado") -> 19 | J52: =(I52*J51)/I51 -> 0.76
G53: Reprobados | I53: =COUNTIF(J13:K47,"Reprobado") -> 0 | J53: =(I53*J51)/I51 -> 0
G54: Abandonos | I54: =COUNTIF(J13:J47,"Abandono") -> 6 | J54: =(I54*J51)/I51 -> 0.24
B61: Firma y Sello | F61: Sello de la | I61: Firma y Sello
B62: DIRECTOR ACADEMICO | F62: institución | I62: DOCENTE DE LA MATERIA

Sheet TMG-308 N
A4: INSTITUTO TECNICO DE EDUCACIÓN SUPERIOR "NOVELL"
D5: CARRERA: | E5: CONTADURÍA GENERAL
D6: MENCIÓN:
D7: ÁREA: | E7: COMERCIAL Y SERVICIOS
D8: MATERIA: | E8: =+'TMG-308'!E8:H8 -> TALLER DE MODALIDAD DE GRADUACIÓN | I8: SIGLA: | J8: =+'TMG-308'!J8:K8 -> TMG-308
D9: DOCENTE: | E9: LIC. DAMARIZ MONICA INGALA VIZA
D10: AÑO/SEMESTRE: | E10: =+'COA-301'!E10:H10 -> TERCER AÑO | I10: GESTIÓN: | J10: =+'COA-301'!J10:K10 -> 2022
C12: Nro. | D12: Apellidos y Nombres | F12: Prom. Ev. Teórica | G12: Prom. Eval. Práctica | H12: Calificación Final | I12: Prueba de Recuper. | J12: Observación
C13: 1 | D13: =+'COA-301 N'!D13:E13 -> Atocha Mamani Ruben | F13: 10 | G13: 56 | H13: =+F13+G13 -> 66 | J13: =IF(H13=0,"Abandono",IF(OR(H13>=61,I13=61),"Aprobado","Reprobado")) -> Aprobado
C14: 2 | D14: =+'COA-301 N'!D14:E14 -> Bautista Yucra Judith | F14: 16 | G14: 70 | H14: =+F14+G14 -> 86 | J14: =IF(H14=0,"Abandono",IF(OR(H14>=61,I14=61),"Aprobado","Reprobado")) -> Aprobado
C15: 3 | D15: =+'COA-301 N'!D15:E15 -> Bejarano Loras Douglas | F15: 20 | G15: 30 | H15: =+F15+G15 -> 50 | I15: 61 | J15: =IF(H15=0,"Abandono",IF(OR(H15>=61,I15=61),"Aprobado","Reprobado")) -> Aprobado
C16: 4 | D16: =+'COA-301 N'!D16:E16 -> Choque Paillo Jaime | F16: 18 | G16: 70 | H16: =+F16+G16 -> 88 | J16: =IF(H16=0,"Abandono",IF(OR(H16>=61,I16=61),"Aprobado","Reprobado")) -> Aprobado
C17: 5 | D17: =+'COA-301 N'!D17:E17 -> Coaquira Coaquira Monica | F17: 0 | G17: 0 | H17: =+F17+G17 -> 0 | J17: =IF(H17=0,"Abandono",IF(OR(H17>=61,I17=61),"Aprobado","Reprobado")) -> Abandono
C18: 6 | D18: =+'COA-301 N'!D18:E18 -> Colque Ayala Carla Lorena | F18: 12 | G18: 58 | H18: =+F18+G18 -> 70 | J18: =IF(H18=0,"Abandono",IF(OR(H18>=61,I18=61),"Aprobado","Reprobado")) -> Aprobado
C19: 7 | D19: =+'COA-301 N'!D19:E19 -> Condori Titichoca Dieter Jherson | F19: 0 | G19: 0 | H19: =+F19+G19 -> 0 | J19: =IF(H19=0,"Abandono",IF(OR(H19>=61,I19=61),"Aprobado","Reprobado")) -> Abandono
C20: 8 | D20: =+'COA-301 N'!D20:E20 -> Del Carpio Lora Marisela | F20: 0 | G20: 0 | H20: =+F20+G20 -> 0 | J20: =IF(H20=0,"Abandono",IF(OR(H20>=61,I20=61),"Aprobado","Reprobado")) -> Abandono
C21: 9 | D21: =+'COA-301 N'!D21:E21 -> Felipez Veliz Ronald | F21: 22 | G21: 41 | H21: =+F21+G21 -> 63 | J21: =IF(H21=0,"Abandono",IF(OR(H21>=61,I21=61),"Aprobado","Reprobado")) -> Aprobado
C22: 10 | D22: =+'COA-301 N'!D22:E22 -> Fulguera Callata Jonathan | F22: 16 | G22: 66 | H22: =+F22+G22 -> 82 | J22: =IF(H22=0,"Abandono",IF(OR(H22>=61,I22=61),"Aprobado","Reprobado")) -> Aprobado
C23: 11 | D23: =+'COA-301 N'!D23:E23 -> Huarayo Cunurana Maribel | F23: 10 | G23: 59 | H23: =+F23+G23 -> 69 | J23: =IF(H23=0,"Abandono",IF(OR(H23>=61,I23=61),"Aprobado","Reprobado")) -> Aprobado
C24: 12 | D24: =+'COA-301 N'!D24:E24 -> Jamillo Cruz Jenny Laura | F24: 0 | G24: 0 | H24: =+F24+G24 -> 0 | J24: =IF(H24=0,"Abandono",IF(OR(H24>=61,I24=61),"Aprobado","Reprobado")) -> Abandono
C25: 13 | D25: =+'COA-301 N'!D25:E25 -> Loaiza Lopez Jaime | F25: 0 | G25: 0 | H25: =+F25+G25 -> 0 | J25: =IF(H25=0,"Abandono",IF(OR(H25>=61,I25=61),"Aprobado","Reprobado")) -> Abandono
C26: 14 | D26: =+'COA-301 N'!D26:E26 -> Lopez Sausiri Luis Alberto | F26: 16 | G26: 65 | H26: =+F26+G26 -> 81 | J26: =IF(H26=0,"Abandono",IF(OR(H26>=61,I26=61),"Aprobado","Reprobado")) -> Aprobado
C27: 15 | D27: =+'COA-301 N'!D27:E27 -> Martinez Mamani Gladis | F27: 0 | G27: 0 | H27: =+F27+G27 -> 0 | J27: =IF(H27=0,"Abandono",IF(OR(H27>=61,I27=61),"Aprobado","Reprobado")) -> Abandono
C28: 16 | D28: =+'COA-301 N'!D28:E28 -> Poma Condori Juan Luis | F28: 21 | G28: 32 | H28: =+F28+G28 -> 53 | I28: 61 | J28: =IF(H28=0,"Abandono",IF(OR(H28>=61,I28=61),"Aprobado","Reprobado")) -> Aprobado
C29: 17 | D29: =+'COA-301 N'!D29:E29 -> Puma Choque Veronica | F29: 19 | G29: 70 | H29: =+F29+G29 -> 89 | J29: =IF(H29=0,"Abandono",IF(OR(H29>=61,I29=61),"Aprobado","Reprobado")) -> Aprobado
C30: 18 | D30: =+'COA-301 N'!D30:E30 -> Quinta Quisbert Melinda Cecilia | F30: 17 | G30: 65 | H30: =+F30+G30 -> 82 | J30: =IF(H30=0,"Abandono",IF(OR(H30>=61,I30=61),"Aprobado","Reprobado")) -> Aprobado
C31: 19 | D31: =+'COA-301 N'!D31:E31 -> Quiñones Rueda Israel | F31: 9 | G31: 61 | H31: =+F31+G31 -> 70 | J31: =IF(H31=0,"Abandono",IF(OR(H31>=61,I31=61),"Aprobado","Reprobado")) -> Aprobado
C32: 20 | D32: =+'COA-301 N'!D32:E32 -> Quispe Quispe Jorge Luis | F32: 14 | G32: 65 | H32: =+F32+G32 -> 79 | J32: =IF(H32=0,"Abandono",IF(OR(H32>=61,I32=61),"Aprobado","Reprobado")) -> Aprobado
C33: 21 | D33: =+'COA-301 N'!D33:E33 -> Riva Loroño Jhoana Celina | F33: 10 | G33: 66 | H33: =+F33+G33 -> 76 | J33: =IF(H33=0,"Abandono",IF(OR(H33>=61,I33=61),"Aprobado","Reprobado")) -> Aprobado
C34: 22 | D34: =+'COA-301 N'!D34:E34 -> Romero Rodriguez Victor Hugo | F34: 20 | G34: 33 | H34: =+F34+G34 -> 53 | I34: 61 | J34: =IF(H34=0,"Abandono",IF(OR(H34>=61,I34=61),"Aprobado","Reprobado")) -> Aprobado
C35: 23 | D35: =+'COA-301 N'!D35:E35 -> Santos Tola Carla Alejandra | F35: 15 | G35: 34 | H35: =+F35+G35 -> 49 | I35: 61 | J35: =IF(H35=0,"Abandono",IF(OR(H35>=61,I35=61),"Aprobado","Reprobado")) -> Aprobado
C36: 24 | D36: =+'COA-301 N'!D36:E36 -> Tito Yucra Leiddy Olimpia | F36: 16 | G36: 69 | H36: =+F36+G36 -> 85 | J36: =IF(H36=0,"Abandono",IF(OR(H36>=61,I36=61),"Aprobado","Reprobado")) -> Aprobado
C37: 25 | D37: =+'COA-301 N'!D37:E37 -> Virreira Cano Nhataly Alizon | F37: 12 | G37: 50 | H37: =+F37+G37 -> 62 | J37: =IF(H37=0,"Abandono",IF(OR(H37>=61,I37=61),"Aprobado","Reprobado")) -> Aprobado
G50: RESUMEN | I50: TOTAL | J50: PORCENTAJE
G51: Inscritos | I51: =COUNT(C13:C47) -> 25 | J51: 1
G52: Aprobados | I52: =COUNTIF(J13:K47,"Aprobado") -> 19 | J52: =(I52*J51)/I51 -> 0.76
G53: Reprobados | I53: =COUNTIF(J13:K47,"Reprobado") -> 0 | J53: =(I53*J51)/I51 -> 0
G54: Abandonos | I54: =COUNTIF(J13:J47,"Abandono") -> 6 | J54: =(I54*J51)/I51 -> 0.24
B61: Firma y Sello | F61: Sello de la | I61: Firma y Sello
B62: DIRECTOR ACADEMICO | F62: institución | I62: DOCENTE DE LA MATERIA

Sheet Det-Resultado exa-grado maña
C3: DETALLE DE RESULTADOS DEL EXAMEN DE GRADO
A4: INSTITUTO TECNICO DE EDUCACIÓN SUPERIOR "NOVELL"
C5: GESTION | G5: 2021
C7: CARRERA: | F7: CONTADURÍA GENERAL
C9: Nº | D9: APELLIDOS Y NOMBRES | F9: NOTA NUMERAL | G9: NOTA LITERAL | H9: OBSERVACION
C10: 1 | F10: 65 | G10: SESENTA Y CINCO | H10: =IF(F10>=61,"APROBADO","REPPROBADO") -> APROBADO
C11: 2 | F11: 55 | G11: CINCUENTA Y CINCO | H11: =IF(F11>=61,"APROBADO","REPPROBADO") -> REPPROBADO
C12: 3 | H12: =IF(F12>=61,"APROBADO","REPPROBADO") -> REPPROBADO
C13: 4 | H13: =IF(F13>=61,"APROBADO","REPPROBADO") -> REPPROBADO
C14: 5 | H14: =IF(F14>=61,"APROBADO","REPPROBADO") -> REPPROBADO
C15: 6 | H15: =IF(F15>=61,"APROBADO","REPPROBADO") -> REPPROBADO
C16: 7 | H16: =IF(F16>=61,"APROBADO","REPPROBADO") -> REPPROBADO
C17: 8 | H17: =IF(F17>=61,"APROBADO","REPPROBADO") -> REPPROBADO
C18: 9 | H18: =IF(F18>=61,"APROBADO","REPPROBADO") -> REPPROBADO
C19: 10 | H19: =IF(F19>=61,"APROBADO","REPPROBADO") -> REPPROBADO
C20: 11 | H20: =IF(F20>=61,"APROBADO","REPPROBADO") -> REPPROBADO
C21: 12 | H21: =IF(F21>=61,"APROBADO","REPPROBADO") -> REPPROBADO
C22: 13 | H22: =IF(F22>=61,"APROBADO","REPPROBADO") -> REPPROBADO
C23: 14 | H23: =IF(F23>=61,"APROBADO","REPPROBADO") -> REPPROBADO
... C30: 21 | H30: =IF(F30>=61,"APROBADO","REPPROBADO") -> REPPROBADO
C47: RESUMEN
C48: HABILITADOS | E48: 21
C49: APROBADOS | E49: 21
C50: REPROBADOS | E50: 0
C56: Firma | F56: Firma | H56: Firma
C57: TRIBUNAL 1 | F57: TRIBUNAL 2 | H57: TRIBUNAL - DDEO
C61: Firma y Sello | F61: Sello de la | H61: Firma y Sello
A62: Rector Institución Director Académico

Sheet Det-Resultado exa-grado tarde
C3: DETALLE DE RESULTADOS DEL EXAMEN DE GRADO
A4: INSTITUTO TECNICO DE EDUCACIÓN SUPERIOR "NOVELL"
C5: GESTION | G5: 2020
C7: CARRERA: | F7: SISTEMAS INFORMATICOS
C9: Nº | D9: APELLIDOS Y NOMBRES | F9: NOTA NUMERAL | G9: NOTA LITERAL | H9: OBSERVACION
C10: 1 | D10: =+'COA-301 T'!D13:E13 -> Choque Choque Eneida | F10: 65 | G10: SESENTA Y CINCO | H10: =IF(F10>=61,"APROBADO","REPPROBADO") -> APROBADO
C11: 2 | D11: =+'COA-301 T'!D14:E14 -> Condori Felipez Nahely | F11: 55 | G11: CINCUENTA Y CINCO | H11: =IF(F11>=61,"APROBADO","REPPROBADO") -> REPPROBADO
C12: 3 | D12: =+'COA-301 T'!D15:E15 -> Cusi Cruz Ramiro | H12: =IF(F12>=61,"APROBADO","REPPROBADO") -> REPPROBADO
C13: 4 | D13: =+'COA-301 T'!D16:E16 -> Diaz Soruco Milenka Ingrid | H13: =IF(F13>=61,"APROBADO","REPPROBADO") -> REPPROBADO
C14: 5 | D14: =+'COA-301 T'!D17:E17 -> Fernandez Choque Karen Carolina | H14: =IF(F14>=61,"APROBADO","REPPROBADO") -> REPPROBADO
C15: 6 | D15: =+'COA-301 T'!D18:E18 -> Flores Condarco Eberth Luis | H15: =IF(F15>=61,"APROBADO","REPPROBADO") -> REPPROBADO
C16: 7 | D16: =+'COA-301 T'!D19:E19 -> Guarachi Bolivar Ariel Leonel | H16: =IF(F16>=61,"APROBADO","REPPROBADO") -> REPPROBADO
C17: 8 | D17: =+'COA-301 T'!D20:E20 -> Guarachi Bolivar Omar Rodrigo | H17: =IF(F17>=61,"APROBADO","REPPROBADO") -> REPPROBADO
C18: 9 | D18: =+'COA-301 T'!D21:E21 -> Lazarte Escobar Cristian Fernando | H18: =IF(F18>=61,"APROBADO","REPPROBADO") -> REPPROBADO
C19: 10 | D19: =+'COA-301 T'!D22:E22 -> Manzano Huanca David Hernan | H19: =IF(F19>=61,"APROBADO","REPPROBADO") -> REPPROBADO
C20: 11 | D20: =+'COA-301 T'!D23:E23 -> Salinas Lopez Elvis Alex | H20: =IF(F20>=61,"APROBADO","REPPROBADO") -> REPPROBADO
C21: 12 | D21: =+'COA-301 T'!D24:E24 -> Tellez Ledo Axel Jairo | H21: =IF(F21>=61,"APROBADO","REPPROBADO") -> REPPROBADO
C22: 13 | H22: =IF(F22>=61,"APROBADO","REPPROBADO") -> REPPROBADO
C23: 14 | H23: =IF(F23>=61,"APROBADO","REPPROBADO") -> REPPROBADO
C24: 15
C25: 16
C26: 17
C27: 18
C28: 19
C29: 20
C30: 21
C31: 22
C32: 23
C33: 24
C34: 25
C35: 26
... C44: 35
C47: RESUMEN
C48: HABILITADOS
C49: APROBADOS
C50: REPROBADOS
C56: Firma | F56: Firma | H56: Firma
C57: TRIBUNAL 1 | F57: TRIBUNAL 2 | H57: TRIBUNAL - DDEO
C61: Firma y Sello | F61: Sello de la | H61: Firma y Sello
A62: Rector Institución Director Académico

Sheet Det-Resultado exa-grado noche
C3: DETALLE DE RESULTADOS DEL EXAMEN DE GRADO
A4: INSTITUTO TECNICO DE EDUCACIÓN SUPERIOR "NOVELL"
C5: GESTION | G5: 2020
C7: CARRERA: | F7: SISTEMAS INFORMATICOS
C9: Nº | D9: APELLIDOS Y NOMBRES | F9: NOTA NUMERAL | G9: NOTA LITERAL | H9: OBSERVACION
C10: 1 | D10: =+'COA-301 N'!D13:E13 -> Atocha Mamani Ruben | F10: 65 | G10: SESENTA Y CINCO | H10: =IF(F10>=61,"APROBADO","REPPROBADO") -> APROBADO
C11: 2 | D11: =+'COA-301 N'!D14:E14 -> Bautista Yucra Judith | F11: 55 | G11: CINCUENTA Y CINCO | H11: =IF(F11>=61,"APROBADO","REPPROBADO") -> REPPROBADO
C12: 3 | D12: =+'COA-301 N'!D15:E15 -> Bejarano Loras Douglas | H12: =IF(F12>=61,"APROBADO","REPPROBADO") -> REPPROBADO
C13: 4 | D13: =+'COA-301 N'!D16:E16 -> Choque Paillo Jaime | H13: =IF(F13>=61,"APROBADO","REPPROBADO") -> REPPROBADO
C14: 5 | D14: =+'COA-301 N'!D17:E17 -> Coaquira Coaquira Monica | H14: =IF(F14>=61,"APROBADO","REPPROBADO") -> REPPROBADO
C15: 6 | D15: =+'COA-301 N'!D18:E18 -> Colque Ayala Carla Lorena | H15: =IF(F15>=61,"APROBADO","REPPROBADO") -> REPPROBADO
C16: 7 | D16: =+'COA-301 N'!D19:E19 -> Condori Titichoca Dieter Jherson | H16: =IF(F16>=61,"APROBADO","REPPROBADO") -> REPPROBADO
C17: 8 | D17: =+'COA-301 N'!D20:E20 -> Del Carpio Lora Marisela | H17: =IF(F17>=61,"APROBADO","REPPROBADO") -> REPPROBADO
C18: 9 | D18: =+'COA-301 N'!D21:E21 -> Felipez Veliz Ronald
C19: 10 | D19: =+'COA-301 N'!D22:E22 -> Fulguera Callata Jonathan
C20: 11 | D20: =+'COA-301 N'!D23:E23 -> Huarayo Cunurana Maribel
C21: 12 | D21: =+'COA-301 N'!D24:E24 -> Jamillo Cruz Jenny Laura
C22: 13 | D22: =+'COA-301 N'!D25:E25 -> Loaiza Lopez Jaime
C23: 14 | D23: =+'COA-301 N'!D26:E26 -> Lopez Sausiri Luis Alberto
C24: 15 | D24: =+'COA-301 N'!D27:E27 -> Martinez Mamani Gladis
C25: 16 | D25: =+'COA-301 N'!D28:E28 -> Poma Condori Juan Luis
C26: 17 | D26: =+'COA-301 N'!D29:E29 -> Puma Choque Veronica
C27: 18 | D27: =+'COA-301 N'!D30:E30 -> Quinta Quisbert Melinda Cecilia
C28: 19 | D28: =+'COA-301 N'!D31:E31 -> Quiñones Rueda Israel
C29: 20 | D29: =+'COA-301 N'!D32:E32 -> Quispe Quispe Jorge Luis
... C34: 25 | D34: =+'COA-301 N'!D37:E37 -> Virreira Cano Nhataly Alizon
C35: 26
C36: 27
C37: 28
C38: 29
C39: 30
C40: 31
C41: 32
C42: 33
C43: 34
C44: 35
C47: RESUMEN
C48: HABILITADOS
C49: APROBADOS
C50: REPROBADOS
C56: Firma | F56: Firma | H56: Firma
C57: TRIBUNAL 1 | F57: TRIBUNAL 2 | H57: TRIBUNAL - DDEO
C61: Firma y Sello | F61: Sello de la | H61: Firma y Sello
A62: Rector Institución Director Académico

Sheet Lista
A1: INSTITUCIONES | C1: NIVEL | E1: REGIMEN | G1: TURNO | I1: CARÁCTER | K1: ANO
A2: INSTITUTO TECNICO "AUZA - ARNEZ" | C2: TECNICO SUPERIOR | E2: ANUAL | G2: MAÑANA | I2: CONVENIO | K2: 2014
A3: INSTITUTO TECNICO SUPERIOR DE LENGUAS ORIGINARIAS "BARTOLINA SISA" | C3: TECNICO MEDIO | E3: SEMESTRAL | G3: TARDE | I3: FISCAL | K3: 2015
A4: INSTITUTO TÉCNICO "CATEC" | C4: CAPACITACIÓN | G4: NOCHE | I4: PRIVADO | K4: 2016
A5: INSTITUTO TÉCNICO "CEC S.R.L." | K5: 2017
A6: INSTITUTO TECNICO DE FORMACION DE ENFERMERIA DE LA CRUZ ROJA BOLIVIANA - FILIAL ORURO | K6: 2018
A7: INSTITUTO TÉCNICO DE COMPUTACIÓN ORURO "ITCO" | K7: 2019
A8: INSTITUTO TECNICO "CEALM" S.R.L. | K8: 2020
A9: INSTITUTO COMERCIAL "MAVI" | K9: 2021
A10: INSTITUTO TÉCNICO "ICEP" | K10: 2022
A11: INSTITUTO TECNOLOGICO "INFOCAL" | K11: 2023
A12: ACADEMIA DE LENGUAS NATIVAS "TAWANTINSUYU" | K12: 2024
A13: INSTITUTO TECNICO "INTERFACE - BOL" | K13: 2025
A14: INSTITUTO TECNICO DE EDUCACIÓN SUPERIOR "NOVELL" | K14: 2026
A15: INSTITUTO TÉCNICO "JOHN NEPER" | K15: 2027
A16: INSTITUTO DE AUXILIARES DE ENFERMERIA "SAN LUCAS" | K16: 2028
... A29: INSTITUTO SUPERIOR TECNOLOGICO AGROINDUSTRIAL "SAJAMA" | K29: 2041
A30: INSTITUTO TECNOLOGICO SUPERIOR DE CARACOLLO "ITSCA"
A31: INSTITUTO TÉCNICO "JESUS MARIA I"
A32: INSTITUTO TECNOLOGICO SUPERIOR "SANTIAGO DE HUARI"
A33: INSTITUTO TECNOLOGICO SUPERIOR MARKA QAQACHACA "ITSMAQ"
A34: INSTITUTO TECNOLOGICO SUPERIOR SAUCARI "ITSSA"

Sheet Hoja1
